# ID, Sequence,Length,BomanIndex,Aromaticity,AliphaticIndex,InstabilityIndex, NetCharge, MW, IsoelectricPoint, HydrophobicRatio
peptide_1,SKHWLWLW,8.0,-0.4025000000000001,0.375,97.5,95.19999999999999,2.031,1155.35,10.025390625,0.25
peptide_2,KLLLKLLLK,9.0,-1.4300000000000002,0.0,259.99999999999994,-28.844444444444445,3.988,1081.48,10.98681640625,0.6666666666666666
peptide_3,KKKKLFKLLQ,10.0,1.5550000000000002,0.1,117.0,9.590000000000003,5.987,1273.66,11.27880859375,0.4
peptide_4,NAGSLLSGWG,10.0,-0.33599999999999997,0.1,88.0,10.97,0.99,961.03,6.0,0.3
peptide_5,FKLFKKILKFL,11.0,-0.5836363636363636,0.2727272727272727,141.8181818181818,-23.88181818181818,4.987,1424.86,11.15673828125,0.6363636363636364
peptide_6,FLKWLFKWAKK,11.0,-0.0063636363636367125,0.36363636363636365,80.00000000000001,-14.736363636363636,4.987,1494.87,11.15673828125,0.45454545454545453
peptide_7,KKLFKKILKVL,11.0,0.0954545454545456,0.09090909090909091,168.1818181818182,-17.936363636363634,5.987,1357.82,11.27880859375,0.5454545454545454
peptide_8,KLLKWLKKLLK,11.0,0.07454545454545448,0.09090909090909091,177.27272727272725,-18.28181818181818,5.987,1410.88,11.27880859375,0.45454545454545453
peptide_9,KWLKKLLKKLL,11.0,0.07454545454545441,0.09090909090909091,177.27272727272725,-10.563636363636364,5.987,1410.88,11.27880859375,0.45454545454545453
peptide_10,LLKWLLKWLLK,11.0,-1.5936363636363635,0.18181818181818182,212.7272727272727,8.372727272727271,3.988,1453.9,10.98681640625,0.5454545454545454
peptide_11,ALWMTLLKKVLK,12.0,-0.9158333333333332,0.08333333333333333,162.49999999999997,25.008333333333326,3.988,1443.89,10.98681640625,0.5833333333333334
peptide_12,KLFKRHLKWKII,12.0,1.3991666666666667,0.16666666666666666,129.99999999999997,18.633333333333333,6.029,1610.05,11.751953125,0.4166666666666667
peptide_13,LNWGAFLKHFFK,12.0,-0.12166666666666666,0.3333333333333333,73.33333333333331,-43.43333333333333,3.03,1507.78,10.708984375,0.5
peptide_14,LRLKYRRFKYRV,12.0,4.516666666666667,0.25,89.16666666666664,25.166666666666668,6.985,1698.07,11.73583984375,0.3333333333333333
peptide_15,RRGWALRLVLAY,12.0,1.6008333333333338,0.16666666666666666,138.33333333333331,63.63333333333333,3.988,1473.77,11.8134765625,0.5
peptide_16,FIGAIARLLSKIF,13.0,-0.8653846153846154,0.15384615384615385,165.3846153846154,-3.8307692307692314,2.989,1448.8,11.400390625,0.6923076923076923
peptide_17,FLPIIGKLLSGLL,13.0,-2.334615384615385,0.07692307692307693,210.00000000000003,10.984615384615388,1.989,1383.77,10.025390625,0.6153846153846154
peptide_18,FLPLIGRVLSAIL,13.0,-1.6130769230769235,0.07692307692307693,210.0,38.861538461538466,1.99,1411.78,10.7421875,0.6923076923076923
peptide_19,FLSTIWNGIKSLL,13.0,-0.7146153846153847,0.15384615384615385,150.0,-5.9,1.989,1491.78,10.025390625,0.46153846153846156
peptide_20,FVQWFSRFLGRIL,13.0,0.5976923076923076,0.3076923076923077,112.3076923076923,38.861538461538466,2.99,1668.98,12.1015625,0.5384615384615384
peptide_21,IIPLPLGYFAKKT,13.0,-0.8923076923076921,0.15384615384615385,127.6923076923077,15.3,2.987,1460.81,10.23974609375,0.46153846153846156
peptide_22,ILPLKWPWWPWRR,13.0,0.8699999999999999,0.3076923076923077,90.0,71.96153846153847,3.989,1834.22,12.130859375,0.23076923076923078
peptide_23,ILPWKWPLWPWRR,13.0,0.8699999999999999,0.3076923076923077,90.0,96.70769230769231,3.989,1834.22,12.130859375,0.23076923076923078
peptide_24,LLQWLSKLLGRLL,13.0,-0.6384615384615385,0.07692307692307693,210.0,37.26923076923077,2.989,1552.95,11.400390625,0.5384615384615384
peptide_25,RLCRIVPVIRVCR,13.0,2.3261538461538462,0.0,156.9230769230769,32.330769230769235,4.682,1583.02,11.62646484375,0.6153846153846154
peptide_26,VRRFAWWWAFLRR,13.0,2.626923076923077,0.38461538461538464,67.6923076923077,100.60769230769233,4.99,1850.18,12.57763671875,0.46153846153846156
peptide_27,WLGALFKVASKVL,13.0,-1.4007692307692303,0.15384615384615385,150.0,-12.430769230769231,2.989,1431.77,10.708984375,0.6153846153846154
peptide_28,FFPLALLCKVFKKC,14.0,-1.1042857142857143,0.21428571428571427,111.42857142857142,6.2428571428571455,3.68,1657.14,9.76953125,0.7142857142857143
peptide_29,HFLKTLVNLAKKIL,14.0,-0.20785714285714288,0.07142857142857142,167.1428571428571,3.5071428571428584,4.03,1638.05,10.98681640625,0.5714285714285714
peptide_30,INLKALAALAKKIL,14.0,-0.9621428571428574,0.0,195.71428571428572,10.914285714285715,3.988,1479.9,10.98681640625,0.7142857142857143
peptide_31,LCYCRRRFCVCVGR,14.0,2.698571428571429,0.14285714285714285,69.28571428571428,74.27857142857142,4.372,1734.15,9.07177734375,0.5714285714285714
peptide_32,RCYCRRRFCVCVGR,14.0,4.1157142857142865,0.14285714285714285,41.42857142857142,74.27857142857142,5.372,1777.17,9.8017578125,0.5
peptide_33,TCYCRRRFCVCVGR,14.0,3.233571428571429,0.14285714285714285,41.42857142857142,74.27857142857142,4.372,1722.09,9.07177734375,0.5
peptide_34,YCYCRRRFCVCVGR,14.0,3.06,0.21428571428571427,41.42857142857142,74.27857142857142,4.37,1784.16,9.02294921875,0.5
peptide_35,GLPALILWIKRKRQQ,15.0,1.4893333333333334,0.06666666666666667,136.66666666666666,127.12666666666667,4.989,1820.24,12.15625,0.4
peptide_36,KLLKLLLKLLLKLLK,15.0,-1.43,0.0,259.99999999999994,-35.94666666666667,5.987,1790.46,11.27880859375,0.6666666666666666
peptide_37,LKLLLLKLLKLKLWK,15.0,-1.257333333333333,0.06666666666666667,234.0,-20.160000000000004,5.987,1863.51,11.27880859375,0.6
peptide_38,VNRKKILGKSIKVVK,15.0,1.6593333333333333,0.0,136.0,-2.386666666666665,6.987,1710.16,11.81201171875,0.4
peptide_39,VSWKKSLGKIIKVVK,15.0,0.2933333333333332,0.06666666666666667,136.0,-15.226666666666667,5.987,1713.16,11.27880859375,0.4
peptide_40,ALWMTLLKKVLKAAAK,16.0,-0.6793749999999998,0.0625,140.625,21.256249999999994,4.987,1785.29,11.15673828125,0.625
peptide_41,IISTIGKLVKWIIDTV,16.0,-0.7818749999999999,0.0625,182.5,-12.43125,1.989,1799.21,9.83984375,0.5
peptide_42,ILGKLLSTAAGLLSKL,16.0,-1.216875,0.0,183.125,5.49375,2.989,1597.99,10.708984375,0.5625
peptide_43,ILGKLLSTAWGLLSNL,16.0,-1.18125,0.0625,176.875,4.318750000000001,1.989,1699.05,10.025390625,0.5
peptide_44,LLKKLLKKLLKKLLKK,16.0,0.31499999999999995,0.0,195.0,-27.768750000000004,8.985,1948.66,11.5185546875,0.5
peptide_45,RGGRLCYCRRRFCVCL,16.0,3.1799999999999997,0.125,66.875,90.70625,5.372,1961.41,9.8017578125,0.5
peptide_46,FLGMIPGLIGGLISAFK,17.0,-2.026470588235295,0.11764705882352941,143.52941176470588,6.13529411764706,1.989,1734.16,10.025390625,0.5882352941176471
peptide_47,FVDLKKIANIINSIFGK,17.0,0.27647058823529413,0.11764705882352941,137.64705882352942,11.435294117647057,2.988,1920.31,10.421875,0.5294117647058824
peptide_48,KWCFRVCYRGICYRRCR,17.0,3.5352941176470587,0.23529411764705882,40.0,13.223529411764709,6.369,2268.76,10.07177734375,0.4117647058823529
peptide_49,SAPRGCWTKSYPPKPCK,17.0,1.9670588235294115,0.11764705882352941,5.88235294117647,26.117647058823533,4.678,1906.24,10.11669921875,0.17647058823529413
peptide_50,GFFALIAKIISSPLFKTL,18.0,-1.252777777777778,0.16666666666666666,141.1111111111111,31.488888888888894,2.989,1966.41,10.708984375,0.6111111111111112
peptide_51,GLLGPLLKIAAKVGKKLL,18.0,-1.2622222222222221,0.0,178.88888888888889,-18.855555555555558,4.987,1832.37,11.15673828125,0.5555555555555556
peptide_52,GWKKWFTKGERLSQRHFA,18.0,2.7911111111111113,0.2222222222222222,27.22222222222222,23.033333333333335,5.03,2262.58,11.4951171875,0.2222222222222222
peptide_53,KLLKLLLKLWKKLLKLLK,18.0,-0.7044444444444447,0.05555555555555555,216.66666666666666,-19.85,7.986,2233.02,11.45263671875,0.5555555555555556
peptide_54,KWKKLLKKLLPLLKKLLK,18.0,0.15055555555555566,0.05555555555555555,173.33333333333331,-8.155555555555555,8.985,2231.99,11.5185546875,0.4444444444444444
peptide_55,MDFIIDIIKKIVGLFTGK,18.0,-0.39388888888888884,0.1111111111111111,146.11111111111111,-23.044444444444448,1.988,2051.54,9.7294921875,0.5555555555555556
peptide_56,RGGRLCYCRPRFCVCVGR,18.0,2.8233333333333337,0.1111111111111111,53.888888888888886,5.000000000000001,5.372,2101.55,9.8017578125,0.4444444444444444
peptide_57,SWLRDIWDWICELLSDFK,18.0,1.355,0.2222222222222222,108.33333333333331,14.461111111111112,-1.164,2325.64,3.82568359375,0.3888888888888889
peptide_58,AKKVFKRLEKLFSKIWNWK,19.0,1.7810526315789472,0.21052631578947367,82.10526315789473,6.352631578947369,6.987,2449.98,11.30615234375,0.3684210526315789
peptide_59,GASLSFKILKTVLEALGNV,19.0,-0.38105263157894737,0.05263157894736842,143.68421052631578,-6.173684210526313,1.989,1960.32,9.83984375,0.5263157894736842
peptide_60,GIGAVLKVLALISWIKRKR,19.0,0.2347368421052633,0.05263157894736842,164.21052631578945,21.44736842105263,5.988,2121.66,12.1796875,0.5263157894736842
peptide_61,IGKKFKRIVQRIKKFLRNL,19.0,2.5868421052631576,0.10526315789473684,117.89473684210525,21.94736842105263,8.987,2385.99,12.455078125,0.42105263157894735
peptide_62,ILKLFKRIVKRILKFLRKL,19.0,1.2184210526315788,0.10526315789473684,179.4736842105263,42.43157894736843,8.987,2426.18,12.455078125,0.5789473684210527
peptide_63,KWASLWNWFNITNWLWYIK,19.0,0.053157894736842,0.3684210526315789,87.36842105263156,39.31052631578948,2.987,2569.96,10.23974609375,0.3157894736842105
peptide_64,AKKVFKRLGIGAVLWVLTWG,20.0,-0.587,0.15,131.5,0.4450000000000003,4.988,2242.75,11.6767578125,0.5
peptide_65,FFPIIAGMAAKVICAITKKC,20.0,-1.1774999999999998,0.1,112.5,21.055,3.68,2125.71,9.76953125,0.7
peptide_66,FLPLLLAGLPKLLCLFFKKC,20.0,-1.8480000000000003,0.15,161.0,26.630000000000003,3.68,2277.97,9.76953125,0.7
peptide_67,FVGAIAAALPHVISAIKNAL,20.0,-1.3604999999999996,0.05,156.5,6.3950000000000005,2.031,1976.37,10.025390625,0.7
peptide_68,HYRIKPTFRRLKWKYKGKFW,20.0,2.931,0.3,39.0,37.07500000000001,9.025,2739.28,11.54931640625,0.2
peptide_69,MAIVGTIIKIIKAIIDIFAK,20.0,-1.358,0.05,185.5,-9.8,2.988,2171.78,10.421875,0.7
peptide_70,FFKKFWGGVKAIFKGARKGWK,21.0,0.7285714285714286,0.2857142857142857,41.9047619047619,-11.476190476190478,7.986,2487.01,11.861328125,0.38095238095238093
peptide_71,GFMKYIGPLIPHAVKAISKLI,21.0,-0.9304761904761906,0.09523809523809523,134.76190476190476,2.7380952380952386,4.028,2296.87,10.563720703125,0.5238095238095238
peptide_72,GIFGKILGVGKKVLCGLSGMC,21.0,-1.2457142857142858,0.047619047619047616,120.47619047619048,-5.561904761904762,3.68,2080.63,9.76953125,0.5238095238095238
peptide_73,GLLGKILGVEKKVLCGLSGMC,21.0,-0.9690476190476192,0.0,139.04761904761904,6.566666666666666,2.681,2118.68,8.8974609375,0.5238095238095238
peptide_74,KKFLHSAKKWLKAFVKLKKNW,21.0,1.240952380952381,0.19047619047619047,79.04761904761904,-3.0380952380952366,9.027,2629.25,11.5185546875,0.38095238095238093
peptide_75,KNWKKIAGMAKKLLKKNWKLM,21.0,1.146666666666667,0.09523809523809523,83.8095238095238,-10.647619047619047,8.985,2558.26,11.5185546875,0.38095238095238093
peptide_76,MGIIAGIIKVIKSLIEQFTGK,21.0,-0.6414285714285713,0.047619047619047616,148.57142857142856,7.728571428571427,2.989,2259.8,10.421875,0.5238095238095238
peptide_77,RWCVYAYGRVRGVLVRYRRCW,21.0,2.75952380952381,0.23809523809523808,78.57142857142856,59.719047619047615,6.676,2718.22,10.9521484375,0.38095238095238093
peptide_78,RWCVYAYVRVRGGLVRYRRCW,21.0,2.7595238095238095,0.23809523809523808,78.57142857142856,69.63809523809523,6.676,2718.22,10.9521484375,0.38095238095238093
peptide_79,RWCVYAYVRVRGVLVRYRRCG,21.0,2.6780952380952385,0.19047619047619047,92.38095238095237,52.48571428571428,6.676,2631.14,10.9521484375,0.42857142857142855
peptide_80,RWCVYAYVRVRGVSVRYRRCW,21.0,3.008095238095238,0.23809523809523808,73.8095238095238,63.76190476190476,6.676,2734.22,10.9521484375,0.38095238095238093
peptide_81,AFHHIFRGIVHVGKTIHRLVTG,22.0,0.7627272727272726,0.09090909090909091,115.0,8.113636363636354,4.156,2495.93,12.130859375,0.45454545454545453
peptide_82,FFHHIFRGIVHVAKTIHRLVTG,22.0,0.67,0.13636363636363635,115.0,15.831818181818175,4.156,2586.06,12.130859375,0.5
peptide_83,FFHHIFRPIVHVPKTIHRLVTG,22.0,0.7949999999999999,0.13636363636363635,110.45454545454544,41.05909090909092,4.156,2652.16,12.130859375,0.45454545454545453
peptide_84,GMATKAGTAFGKAAKAIIGAAL,22.0,-0.7518181818181818,0.045454545454545456,89.54545454545455,3.5772727272727267,3.988,2019.42,10.98681640625,0.5909090909090909
peptide_85,LRRLWLRANRLLRRLWLRANRL,22.0,3.8636363636363638,0.09090909090909091,150.90909090909093,129.38181818181818,8.989,2915.54,12.9453125,0.45454545454545453
peptide_86,VWPLVIRTVIAGYNLYRAIKKK,22.0,0.5622727272727274,0.13636363636363635,137.27272727272725,-5.859090909090909,5.984,2602.18,11.0244140625,0.45454545454545453
peptide_87,FLRFIGSVIHGIGHLVHHIGVAL,23.0,-0.9186956521739128,0.08695652173913043,160.86956521739128,34.208695652173915,2.157,2492.97,10.7421875,0.5652173913043478
peptide_88,GIGKFLHAAKKFAKAFVAEIMNS,23.0,0.11695652173913036,0.13043478260869565,85.21739130434781,10.556521739130435,4.03,2478.96,10.6904296875,0.5652173913043478
peptide_89,GLFGKSSVWGRKYYVDLAGCAKA,23.0,0.5943478260869567,0.17391304347826086,72.17391304347825,8.569565217391304,3.83,2476.86,9.913818359375,0.391304347826087
peptide_90,GVSKILHSAGKFGKAFLGEIMKS,23.0,0.19391304347826074,0.08695652173913043,89.13043478260869,11.960869565217394,4.03,2405.87,10.6904296875,0.43478260869565216
peptide_91,KNWKGIAGMAKKLLGKNWELMEK,23.0,1.0747826086956522,0.08695652173913043,76.52173913043478,-8.852173913043478,4.988,2674.24,10.68359375,0.34782608695652173
peptide_92,RVKRVWPLVIRTVIAGYNLYRAI,23.0,1.1769565217391307,0.13043478260869565,143.91304347826087,11.443478260869563,5.985,2757.33,11.7001953125,0.4782608695652174
peptide_93,FFPIIAGMAAKLIPSLFCKITKKC,24.0,-0.89875,0.125,109.99999999999999,22.499999999999996,4.68,2641.36,10.26513671875,0.625
peptide_94,FLGPIIKIATGILPTAICKFLKKC,24.0,-1.085,0.08333333333333333,138.33333333333334,7.945833333333334,4.68,2589.31,10.26513671875,0.5833333333333334
peptide_95,FLPAVLRVAAQVVPTVFCAISKKC,24.0,-0.5495833333333334,0.08333333333333333,125.83333333333334,38.54166666666667,3.681,2561.16,9.87109375,0.6666666666666666
peptide_96,FLPIIAGAAAKVVEKIFCAISKKC,24.0,-0.7825000000000001,0.08333333333333333,126.24999999999999,6.995833333333334,3.68,2521.14,9.693359375,0.6666666666666666
peptide_97,FLPILASLAAKFGPKLFCLVTKKC,24.0,-0.9691666666666666,0.125,122.08333333333333,26.583333333333336,4.68,2609.29,10.26513671875,0.625
peptide_98,FLPLAVSLAANFLPKLFCKITKKC,24.0,-0.6533333333333332,0.125,122.08333333333333,12.295833333333336,4.68,2666.35,10.26513671875,0.625
peptide_99,FLPLLAGLAANFLPKIFCKITRKC,24.0,-0.4804166666666663,0.125,126.25,12.295833333333336,4.68,2678.36,10.41650390625,0.625
peptide_100,FLPMLAGLAASMVPKLVCLITKKC,24.0,-1.3162500000000004,0.041666666666666664,134.16666666666666,26.979166666666668,3.68,2548.3,9.76953125,0.6666666666666666
peptide_101,FLPVLTGLTPSIVPKLVCLLTKKC,24.0,-1.0533333333333335,0.041666666666666664,150.0,39.09583333333334,3.68,2584.28,9.76953125,0.5416666666666666
peptide_102,FMGTALKIAANVLPAAFCKIFKKC,24.0,-0.6729166666666667,0.125,97.91666666666666,5.220833333333335,4.68,2586.24,10.26513671875,0.6666666666666666
peptide_103,GIKDWIKGAAKKLIKTVASHIANQ,24.0,0.7995833333333334,0.041666666666666664,109.99999999999997,-0.012500000000003805,5.029,2591.07,10.85791015625,0.4166666666666667
peptide_104,GLNALKKFFQGIHEAIKLINNHVQ,24.0,0.7816666666666666,0.08333333333333333,117.91666666666666,0.5749999999999996,3.072,2733.18,10.42236328125,0.4583333333333333
peptide_105,GLRSKIWLWVLLMIWQESNKFKKM,24.0,0.5725,0.16666666666666666,109.58333333333331,77.0875,4.988,3035.72,11.10546875,0.4166666666666667
peptide_106,TLLKKVLKAAAKAALNAVLVGANA,24.0,-0.5870833333333334,0.0,150.83333333333334,-8.104166666666666,4.987,2348.88,11.15673828125,0.6666666666666666
peptide_107,FFGWLIKGAIHAGKAIHGLIHRRRH,25.0,1.1,0.12,105.6,70.07600000000001,6.156,2892.42,12.42431640625,0.44
peptide_108,FWGALAKGALKLIVGSLFSSFSKKD,25.0,-0.14560000000000023,0.16,101.6,-10.616000000000005,3.988,2671.15,10.6904296875,0.48
peptide_109,GIGKFLHSAKKFFKRIVQRIKDFLR,25.0,2.0232,0.16,93.6,7.732000000000003,8.029,3033.67,11.95361328125,0.44
peptide_110,GLKKWFKKAVHVGKKVGKVALNAYL,25.0,0.23240000000000008,0.12,105.19999999999999,-20.184000000000005,8.026,2783.41,11.101806640625,0.44
peptide_111,GVWTTILGGLKKFAKGGLEALTNPK,25.0,0.04360000000000006,0.08,97.6,7.208,3.988,2600.07,10.6904296875,0.36
peptide_112,GWKDWFRKAKKVGKTVGGLALNHYL,25.0,1.1016000000000004,0.16,78.0,23.464,6.027,2873.37,10.88720703125,0.32
peptide_113,KKLFKKILKYLTTGLPALISWKDEL,25.0,0.40360000000000007,0.12,128.8,13.116000000000003,4.985,2947.61,10.4833984375,0.4
peptide_114,SMLKVLKNLGKVGLGFVACKINKQC,25.0,0.02919999999999992,0.04,116.8,19.316,5.679,2692.37,10.52099609375,0.52
peptide_115,SMLSVLKNLGKVGLGFVASKINKQS,25.0,0.3176,0.04,116.8,29.124000000000002,4.987,2619.14,11.15673828125,0.44
peptide_116,FWGALAKGALKLIGVGSLFSSFSKKD,26.0,-0.17615384615384658,0.15384615384615385,97.6923076923077,-6.557692307692311,3.988,2728.2,10.6904296875,0.46153846153846156
peptide_117,GIGAVLIVLTTGLPALISWIKRKRQQ,26.0,0.16730769230769196,0.038461538461538464,150.0,47.99615384615386,4.989,2832.44,12.15625,0.46153846153846156
peptide_118,GLFGKLIKKFLRKAISYAVKKARGKH,26.0,1.3092307692307692,0.11538461538461539,97.6923076923077,8.696153846153845,10.026,2958.65,11.7255859375,0.4230769230769231
peptide_119,GRRKRKWLRRIGKGVKIIGGAALDHL,26.0,2.5373076923076914,0.038461538461538464,108.84615384615384,68.94615384615383,9.029,2955.57,12.309326171875,0.34615384615384615
peptide_120,KWKSFLKTFKSAAKTVLHTALKAISS,26.0,0.7700000000000001,0.11538461538461539,86.53846153846155,6.557692307692308,7.028,2892.45,11.3740234375,0.4230769230769231
peptide_121,KWKSFLKTFKSAVKTVLHTALKAISS,26.0,0.6842307692307694,0.11538461538461539,93.84615384615384,5.450000000000001,7.028,2920.5,11.3740234375,0.4230769230769231
peptide_122,KWKSFLKTFKSPARTVLYTALKPISS,26.0,1.0957692307692308,0.15384615384615385,78.84615384615384,27.599999999999998,6.985,2998.57,11.24853515625,0.34615384615384615
peptide_123,MAQDIISTIGDLVKWIIDTVNKFPKK,26.0,0.8103846153846155,0.07692307692307693,116.15384615384616,31.396153846153847,1.988,2974.53,9.650390625,0.4230769230769231
peptide_124,SKKLFKKILKYLAGPATTGLPALISW,26.0,-0.278076923076923,0.11538461538461539,116.53846153846155,20.40384615384616,5.985,2845.48,10.90625,0.4230769230769231
peptide_125,FKIKPGKVLDKFGKIVGKVLKQLKKVS,27.0,0.6692592592592591,0.07407407407407407,115.18518518518519,-33.99629629629628,8.985,3026.8,11.218017578125,0.4074074074074074
peptide_126,GKVLDKFGKIVGKVLKQLKKVSAVAKV,27.0,0.32296296296296306,0.037037037037037035,129.62962962962962,-22.492592592592594,7.986,2881.6,11.15185546875,0.48148148148148145
peptide_127,KFGKIVGKVLKQLKKVSAVAKVAMKKG,27.0,0.3833333333333332,0.037037037037037035,108.14814814814814,-16.20370370370371,9.985,2884.67,11.576171875,0.48148148148148145
peptide_128,SLFGTFAKMALKGASKLIPHLLPSRQQ,27.0,0.5533333333333332,0.07407407407407407,97.77777777777777,49.72222222222223,5.03,2940.52,11.6767578125,0.4444444444444444
peptide_129,ALWKTLLKNVGKAAGKAALNAVTDMVNQ,28.0,0.43928571428571417,0.03571428571428571,108.21428571428571,0.24642857142856966,3.988,2926.44,10.6904296875,0.5
peptide_130,GFFGKMKEYFKKFGASFKRRFANLKKRL,28.0,2.288928571428571,0.25,35.0,45.19642857142858,9.984,3431.12,11.6181640625,0.39285714285714285
peptide_131,GLADYWRTAFRANFANLGPGIRCKSARC,28.0,1.9949999999999997,0.14285714285714285,59.64285714285714,-5.492857142857144,4.679,3115.56,10.4033203125,0.42857142857142855
peptide_132,GLMDTVKNAAKNLAGQLLDRLKCKITGC,28.0,1.1357142857142857,0.0,104.64285714285715,-8.542857142857144,3.68,2975.56,9.6904296875,0.4642857142857143
peptide_133,IPCGESCVWIPCISGMFGCSCKDKVCYS,28.0,-0.022500000000000044,0.10714285714285714,62.5,20.914285714285715,0.064,3016.61,5.8203125,0.4642857142857143
peptide_134,RGLRRLGRKIAHGVKKYGPTVLRIIRIA,28.0,2.2728571428571422,0.03571428571428571,125.35714285714286,26.996428571428574,10.028,3198.91,12.420166015625,0.39285714285714285
peptide_135,GASCGETCFTGICFTAGCSCNPWPTCTRN,29.0,0.91,0.10344827586206896,20.344827586206897,34.265517241379314,0.066,2988.37,5.75,0.3793103448275862
peptide_136,GFMDTAKNAAKNVAVTLLDNLKCKITKAC,29.0,0.937241379310345,0.034482758620689655,91.03448275862068,10.841379310344827,3.679,3082.67,9.6328125,0.5172413793103449
peptide_137,GLPICGETCVGGTCNTPGCFCTWPVCTRN,29.0,0.4224137931034484,0.06896551724137931,46.89655172413792,34.76551724137932,0.066,2990.47,5.75,0.3793103448275862
peptide_138,GLPVCGETCTLGTCYTQGCTCSWPICKRN,29.0,0.8027586206896552,0.06896551724137931,50.3448275862069,49.86206896551725,1.064,3095.6,7.43408203125,0.3448275862068966
peptide_139,GLPVCGETCVGGTCNTPGCTCSWPVCTKN,29.0,0.3496551724137932,0.034482758620689655,43.44827586206897,42.334482758620695,0.066,2888.33,5.75,0.3448275862068966
peptide_140,ICGETCVGGTCNTPGCSCSWPVCTRNGLP,29.0,0.6710344827586208,0.034482758620689655,46.89655172413792,34.765517241379314,0.066,2916.35,5.75,0.3448275862068966
peptide_141,PVCTRNGLPVCGETCVGGTCNTPGCTCSW,29.0,0.6727586206896549,0.034482758620689655,43.44827586206897,41.406896551724145,0.066,2916.34,5.75,0.3448275862068966
peptide_142,VCGETCVGGTCNTPGCSCSRPVCTRNGLP,29.0,1.2962068965517242,0.0,43.44827586206897,48.04827586206897,1.066,2872.29,7.435546875,0.3448275862068966
peptide_143,CAESCVWIPCTVTALLGCSCSNNVCYNGIP,30.0,-0.17000000000000023,0.06666666666666667,87.66666666666666,31.070000000000007,-0.936,3121.64,3.150390625,0.5
peptide_144,CGESCVWIPCISSAIGCSCKNKVCYRNGIP,30.0,0.5816666666666668,0.06666666666666667,74.66666666666666,30.480000000000008,2.063,3191.78,7.827392578125,0.43333333333333335
peptide_145,CGESCVWIPCTITALAGCKCKSKVCYNSIP,30.0,0.07699999999999996,0.06666666666666667,78.0,25.530000000000005,2.063,3178.82,7.826904296875,0.4666666666666667
peptide_146,GAFGNFLKGVAKKAGLKILSIAQCKLSGTC,30.0,-0.15733333333333338,0.06666666666666667,101.0,-14.076666666666668,5.679,3024.66,10.52099609375,0.5
peptide_147,GIPCAESCVYIPCTVTALLGCSCSNRVCYN,30.0,0.18833333333333308,0.06666666666666667,87.66666666666666,31.053333333333335,0.062,3140.68,5.75,0.5
peptide_148,GIRCPKSWKCKAFKQRVLKRLLAMLRQHAF,30.0,1.9453333333333331,0.1,84.66666666666666,37.00333333333334,9.721,3614.46,11.804931640625,0.4666666666666667
peptide_149,GVPCGESCVFIPCITGVIGCSCSSNVCYLN,30.0,-0.46200000000000024,0.06666666666666667,90.66666666666666,36.81666666666666,-0.936,3025.55,3.150390625,0.5
peptide_150,KKLFKKILKYLAGPALYKLIKKFLKKKDEL,30.0,0.7353333333333334,0.13333333333333333,123.66666666666667,0.516666666666668,9.981,3607.56,10.8076171875,0.43333333333333335
peptide_151,CGESCVFIPCISTLLGCSCKNKVCYRNGVIP,31.0,0.28451612903225815,0.06451612903225806,90.96774193548387,26.34516129032259,2.063,3307.98,7.827392578125,0.4838709677419355
peptide_152,GLWDSIKNFGKTIALNVMDKIKCKIGGGCPP,31.0,0.45645161290322556,0.06451612903225806,88.06451612903224,22.635483870967743,3.679,3304.96,9.6328125,0.3870967741935484
peptide_153,HALWKNMLKGIGKLAGKAALGAVKKLVGAES,31.0,-0.09774193548387104,0.03225806451612903,113.54838709677419,-4.78709677419355,6.029,3160.83,10.97900390625,0.4838709677419355
peptide_154,SLWETIKNAGKGFILNILDKIRCKVAGGCKT,31.0,0.8480645161290321,0.06451612903225806,103.87096774193546,31.464516129032265,4.68,3378.03,10.1474609375,0.41935483870967744
peptide_155,GGSVPCGESCVFIPCITSLAGCSCKNKVCYYD,32.0,0.20656250000000007,0.09375,66.875,51.634375,0.062,3304.85,5.8203125,0.4375
peptide_156,GILSSIKGVAKGVAKNVAAQLLDTLKCKITGC,32.0,0.014687499999999944,0.0,125.0,-1.5437500000000015,4.679,3200.87,10.15185546875,0.5
peptide_157,GFFALIPKIISSPLFKTLLSAVGSALSSSGEQE,33.0,-0.12000000000000054,0.09090909090909091,112.42424242424242,39.336363636363636,0.99,3395.91,6.875,0.45454545454545453
peptide_158,GLLDTFKNLALNAAKSAGVSVLNSLSCKLSKTC,33.0,0.4787878787878789,0.030303030303030304,112.42424242424241,11.633333333333335,3.68,3367.95,9.693359375,0.48484848484848486
peptide_159,SILSTLKDVGISAIKSAGSGVLSTLLCKLNKNC,33.0,0.25393939393939396,0.0,130.0,8.972727272727274,3.68,3334.96,9.693359375,0.45454545454545453
peptide_160,KRFKKFFKKLKNSVKKRAKKFFKKPKVIGVTFPF,34.0,2.0302941176470566,0.20588235294117646,51.470588235294116,17.526470588235295,15.983,4175.21,12.34228515625,0.38235294117647056
peptide_161,RRSQARKCSRGNGGKIGSIRCRGGGTRLGGGSLIGR,36.0,3.3194444444444446,0.0,56.944444444444436,47.35277777777778,10.68,3686.22,12.33203125,0.2222222222222222
peptide_162,GFSSIFRGVAKFASKGLGKDLAKLGVDLVASKISKQS,37.0,0.7859459459459459,0.08108108108108109,97.56756756756758,17.664864864864867,5.987,3811.45,10.95751953125,0.43243243243243246
peptide_163,GIFSALAAGVKLLGNTLFKMAGKAGAEHLACKATNQC,37.0,-0.06972972972972975,0.05405405405405406,92.70270270270271,4.967567567567569,3.722,3706.38,9.693359375,0.5405405405405406
peptide_164,GLLSRLRDFLSDRGRRLGEKIERIGQKIKDLSEFFQS,37.0,3.255675675675676,0.08108108108108109,94.86486486486487,49.286486486486496,3.99,4364.97,10.8115234375,0.32432432432432434
peptide_165,GLMSLFRGVLKTAGKHIFKNVGGSLLDQAKCKITGEC,37.0,0.6575675675675675,0.05405405405405406,94.86486486486487,28.824324324324326,4.722,3921.67,10.1474609375,0.43243243243243246
peptide_166,KWKLFKKIEKVGQNIRDGIIKAGPAVAWVGQATQIAK,37.0,0.892972972972973,0.08108108108108109,100.27027027027029,14.22972972972973,6.987,4091.86,11.049560546875,0.40540540540540543
peptide_167,RLGNFFRKVKEKIGGGLKKVGQKIKDFLGNLVPRTAS,37.0,1.7810810810810809,0.08108108108108109,89.45945945945947,-7.962162162162163,8.987,4100.87,11.607666015625,0.35135135135135137
peptide_168,NNLLRAIEAQQHLLQLTVWGIKQLQARILAVERYLKDQ,38.0,1.5626315789473681,0.05263157894736842,138.68421052631578,48.46842105263158,3.03,4485.21,10.21728515625,0.4473684210526316
peptide_169,LTCDLLSFEAKGFAANHSLCAAHCLAIGRKGGACQNGVCVCRR,43.0,0.9369767441860465,0.046511627906976744,84.18604651162791,30.23488372093023,3.149,4466.22,8.127685546875,0.5348837209302325
peptide_170,MVALLKSLERRRLMITISTMLQFGLFLIALIGLVIKLIELSNKK,44.0,-0.04840909090909117,0.045454545454545456,168.40909090909088,51.084090909090904,5.989,5029.31,11.46337890625,0.5909090909090909
peptide_171,KKLFKKILKYLAGPAKKLFKKILKYLAGPAKKLFKKILKYLKDEL,45.0,0.5051111111111112,0.13333333333333333,121.55555555555556,2.291111111111112,14.976,5307.73,10.9395751953125,0.4444444444444444
peptide_172,WPKRLTKAHWFEIQHIQPSPLQSNRAMSGINNYTQHSKHQNTFLH,45.0,2.3391111111111105,0.1111111111111111,56.44444444444444,69.04444444444442,5.196,5409.05,10.9736328125,0.24444444444444444
peptide_173,GLFSKFAGKGIKNLIFKGVKHIGKEVGMDVIRTGIDVAGCKIKGEC,46.0,0.5695652173913043,0.06521739130434782,97.39130434782608,1.206521739130431,5.721,4863.83,10.22900390625,0.43478260869565216
peptide_174,KESRAKKFQRQHMDSDSSPSSSSTYSNQMMRRRNMTQGRSKPVNTFVH,48.0,4.229791666666667,0.0625,14.166666666666664,91.99374999999998,8.07,5633.24,11.6044921875,0.1875
peptide_175,KSTVGQKLKKKLNQAVDKVKEVLNKSEYMCPVVSSFCKQHCARLGKSGQCDLLECIC,57.0,1.5784210526315787,0.03508771929824561,81.9298245614035,34.22456140350877,6.102,6345.53,9.05908203125,0.40350877192982454
peptide_176,RLYRKVYGRLYRKVYGRLYRKVYGRLYRKVYGRLYRKVYGRLYRKVYGRLYRKVYGRLYRKVYGKKKKKKK,71.0,3.4508450704225355,0.22535211267605634,76.61971830985917,-38.01830985915494,31.949,9205.08,11.3533935546875,0.22535211267605634
peptide_177,RPPQFTRAQWFAIQHISLNPPRCTIAMRAINNYRWRCKNQNTFLRTTFANVVNVCGNQSIRCPHNRTLNNCHRSRFRVPL,133.0,2.7118045112781948,0.09022556390977443,69.62406015037593,65.30834586466166,12.959,15518.62,10.609375,0.3533834586466165
