# ID,Sequence,H_Eisenberg,uH_Eisenberg,H_GRAVY,uH_GRAVY,Z3_1,Z3_2,Z3_3, Z5_1,Z5_2,Z5_3, Z5_4,Z5_5,S_AASI, uS_AASI, modlas_ABHPRK, H_argos, uH_argos, B_Builkiness, uB_Builkiness, charge_phys, charge_acid, Ez, flexibility, u_flexibility, Grantham, H_HoppWoods, uH-HoppWoods, ISAECI, H_Janin, uH_Janin, H_KyteDoolittle, uH_KyteDoolittle, F_Levitt, uF_Levitt, MSS_shape, u_MSS_shape, MSW, pepArc, pepcats, polarity, u_polarity, PPCALI, refractivity, u_refractivity, t_scale, TM_tend, u_TM_tend
peptide_pv_1,GTPCGESCVYIPCISGVIGCSCTDKVCYLN,0.28200000000000003,0.10924485718561687,0.6433333333333333,0.4639172066131861,6.084999999999998,6.1278233333333345,4.760573333333332,6.053913333333335,4.786226666666667,4.194873333333335,1.252173333333333,2.0307966666666664,2.0646666666666667,0.13677662035613866,0.0,-0.05566666666666666,0.1717623599885246,0.5972999999999999,0.0728940896146442,-0.05333333333333335,-0.05333333333333335,20.32133333333333,0.6096666666666668,0.029733389796572304,72.12933333333334,-0.43333333333333346,0.16550729724190927,79.53433333333334,0.4086666666666666,0.19741789494229944,0.38666666666666666,0.15777960373943983,0.9009999999999999,0.019474095744390223,18.84087,1.489121378533101,-0.586,0.0,1.0,0.3357333333333334,0.04859551597319461,-1.3053772799999999,0.40824516026666663,0.03398850681768809,-10.131,-0.1943333333333333,0.2464335095050249
peptide_pv_2,GLLGPLLKIAAKVGSNLL,0.4411111111111112,0.42048493885819194,1.1222222222222222,1.522494636235552,9.946911111111115,6.515183333333335,1.9164555555555554,9.596205555555557,4.763583333333332,2.1063888888888895,0.8210944444444442,0.8526666666666666,1.99,0.09291155215643052,0.0,0.6166666666666666,0.6449638957120991,0.6522222222222221,0.14420153252047196,0.1111111111111111,0.1111111111111111,20.72277777777778,0.5626111111111111,0.1363559588631674,79.53444444444445,-0.47777777777777775,0.7382431403212686,97.4233333333333,0.26555555555555554,0.46437074731727773,0.5366666666666666,0.4989929756616672,1.0355555555555556,0.09420151159332246,15.989422222222224,2.339177211078168,-0.5549999999999999,0.0,1.0,0.32161111111111107,0.14540335822163028,-1.3281981111111112,0.29547770199999995,0.04988829755913366,-13.988333333333333,0.22388888888888894,0.8909008057523677
peptide_pv_3,LLKLLKWLLKLLK,0.2776923076923076,0.7150592834533688,1.0692307692307692,2.2598435900115996,15.021053846153848,2.2893923076923075,3.680315384615384,14.348707692307695,2.4778461538461545,3.3007153846153847,1.9123999999999997,0.658253846153846,1.926153846153846,0.1837789348159258,1.0,1.113076923076923,1.0088535472462912,0.8904615384615382,0.13299605038634743,0.3076923076923077,0.3076923076923077,21.532307692307693,0.40076923076923077,0.1110516603615653,125.01923076923077,-0.44615384615384623,1.2685794504478547,140.69846153846154,-0.1576923076923077,0.8820366667724217,0.5123076923076924,0.7418075330470177,1.2546153846153847,0.15079320962437442,19.973469230769233,1.403232647781156,0.05769230769230766,1.0,1.0,0.24784615384615388,0.20819381226926664,-1.2499335384615384,0.5026858867692306,0.015762491554612713,3.1046153846153848,0.17307692307692316,1.432085551093058
peptide_pv_4,KWKLFKKIGKVLKVL,0.026000000000000037,0.549838710253414,0.1599999999999999,1.7713003632769562,12.465966666666668,4.965173333333334,4.496193333333334,10.399239999999999,4.1683666666666666,3.541966666666667,1.988266666666666,0.3879133333333332,2.1206666666666667,0.044248586941992,1.0,0.18266666666666664,0.6501234469464844,0.7914666666666665,0.11993632876535892,0.4,0.4,19.006666666666664,0.5083333333333333,0.0449373660557597,116.86333333333333,0.12666666666666668,0.9505281606646959,124.31866666666666,-0.4359999999999999,0.6554228257011581,0.23266666666666663,0.5897766201292141,1.1126666666666667,0.06623928714486214,19.205840000000006,1.4926634999850334,0.0006666666666666543,1.0,1.0,0.3752000000000001,0.1438397545837485,1.2708015999999998,0.47481777559999994,0.028623154811199772,1.137333333333335,-0.4726666666666667,1.0664082122012912
peptide_pv_5,GIGKFLKKAKKFGKAFVKILKK,-0.05090909090909091,0.7088747699407729,-0.1590909090909091,1.8933900237000394,10.996072727272727,5.877500000000001,4.3334909090909095,8.497904545454547,4.316849999999999,3.315477272727273,1.185572727272727,0.3353681818181818,2.122272727272727,0.14507324558169335,1.0,0.032727272727272695,0.5909070901012732,0.6627727272727272,0.0410575310122229,0.4090909090909091,0.4090909090909091,18.903181818181817,0.5586818181818182,0.11253052713882519,102.62681818181818,0.4454545454545455,1.3125687968879196,109.71909090909094,-0.4954545454545455,0.8965875860162608,0.1286363636363636,0.620861542652324,1.0904545454545456,0.057005262128169025,17.07156818181818,0.9083543781455348,-0.12681818181818183,1.0,1.0,0.4420909090909092,0.19079162566933897,1.0295654999999997,0.4040890920909091,0.033267986703409864,-4.90090909090909,-0.7259090909090908,1.3858648744476938
peptide_pv_6,YKLFKKILKKL,-0.12181818181818184,0.8326521785948596,-0.1909090909090909,2.315736332292832,12.622581818181821,2.0925454545454545,4.858427272727273,10.960709090909091,1.9764181818181823,3.808490909090909,1.2413181818181818,0.47365454545454533,2.0118181818181817,0.13625176581939671,1.0,0.3145454545454545,0.8074227726222509,0.8190000000000001,0.10091992950533855,0.45454545454545453,0.45454545454545453,19.955454545454543,0.5113636363636364,0.11743754883993382,126.96818181818183,0.2727272727272728,1.5943720894442193,132.01818181818177,-0.7018181818181818,1.0212711268913208,0.11181818181818173,0.7616105613763551,1.1645454545454548,0.022167374946799098,20.367863636363637,1.2938838011749352,0.2472727272727272,1.0,2.0,0.3803636363636364,0.23504053524214266,-0.4692398181818181,0.5189491908181818,0.040818113996763855,4.773636363636365,-0.6727272727272726,1.6571355305897542
peptide_pv_7,CESCVWIPCISSVVGCSCKSKVCYKNGTLP,0.17800000000000002,0.03253991301695614,0.5000000000000001,0.18030760593040945,6.349183333333332,4.71797,5.226740000000001,6.095196666666668,4.080766666666666,4.508786666666668,1.6063500000000002,2.04342,2.017333333333333,0.07128423405459285,0.0,-0.07433333333333333,0.09149951482113666,0.6336666666666666,0.029601760852643353,0.04666666666666666,0.04666666666666666,19.528333333333332,0.5749333333333334,0.01867050731763941,78.43466666666667,-0.3266666666666667,0.0978417105819625,84.40166666666664,0.26399999999999996,0.11128264178577861,0.3413333333333333,0.06032168376026836,0.9453333333333334,0.01805997517723455,19.805163333333333,0.1834054580412838,-0.4963333333333333,1.0,1.0,0.3411,0.017336844842970055,-0.43859378000000004,0.4381299474666666,0.02474754512938866,-8.182333333333334,-0.3103333333333333,0.22080862809013896
peptide_pv_8,GLLKKLLKIAAKVGKKLL,0.12777777777777782,0.6237180982526925,0.6055555555555555,1.881154679693169,10.590861111111115,5.053461111111113,3.768955555555555,9.540855555555556,3.810394444444444,3.155338888888889,1.0690611111111112,0.4748333333333333,2.087777777777778,0.12227342271276363,1.0,0.5016666666666666,0.7234596839639725,0.7122222222222221,0.09173370635048034,0.3333333333333333,0.3333333333333333,19.45777777777778,0.5301111111111111,0.11440675496957933,99.38666666666667,0.16111111111111118,1.1382209542833501,110.17777777777775,-0.2566666666666666,0.794182411426349,0.3722222222222222,0.6140789879503613,1.1533333333333333,0.021102717405993638,16.85932222222222,1.2485556242369977,-0.34222222222222226,1.0,1.0,0.37233333333333335,0.1817899056063255,-0.6443199444444446,0.3684719282222222,0.0401499427282767,-7.238333333333334,-0.33499999999999985,1.250627072001748
peptide_pv_9,LCYCHHHFCVCV,0.39333333333333337,0.19387615384235077,1.1749999999999998,0.8903556218166608,6.467291666666667,2.8151249999999997,6.3679250000000005,6.426641666666668,3.992458333333333,5.294249999999999,4.0013499999999995,2.613833333333333,2.161666666666667,0.11150707930742415,1.0,0.14666666666666664,0.3702504870615639,0.7139166666666666,0.09229155844473842,-0.008333333333333331,0.21666666666666665,19.233333333333334,0.22208333333333333,0.00520185698760714,95.77,-1.2583333333333333,0.20459646871673906,108.10916666666667,0.75,0.24647561221999656,0.5583333333333332,0.30996127313636224,1.0841666666666667,0.14547784662380556,22.906975000000003,1.8576039483118854,0.04083333333333334,1.0,2.0,0.2313333333333333,0.04101950004734815,-2.5624302166666664,0.6192883455833335,0.0573189770117031,2.4041666666666655,0.14083333333333334,0.3150524966771077
peptide_pv_10,ILPWKWPWWPWRR,0.03153846153846155,0.2723116914062446,-1.0692307692307692,0.19685702728918655,13.784753846153846,6.731376923076923,4.159946153846153,12.830015384615386,7.370130769230769,3.672430769230769,5.5386384615384605,1.966738461538462,1.5746153846153845,0.5433867018461084,1.0,0.010000000000000009,0.08796357404194546,0.856923076923077,0.07474546704357755,0.23076923076923078,0.23076923076923078,19.471538461538465,0.4936923076923077,0.07430857257441986,125.64230769230772,-0.8923076923076925,0.45056889305660514,137.36076923076922,-0.1353846153846154,0.22310111302531493,-0.1853846153846154,0.06805554254652188,0.9176923076923077,0.21203644181921197,22.090615384615383,2.14089245303295,0.646923076923077,1.0,2.0,0.28215384615384614,0.06524214190651291,2.0918089846153842,0.6473077826153847,0.12007267632052085,4.94846153846154,-0.1138461538461538,0.3055575206657279
peptide_pv_11,GIGAILKVLATGLPTLISWIKNKRKQ,0.16538461538461544,0.3506975522059425,0.3076923076923077,1.2673182874036293,9.865626923076924,6.010957692307693,2.8174230769230766,8.752573076923078,4.786761538461539,2.762607692307692,1.6212461538461538,0.6786307692307694,2.0819230769230765,0.2136169910019333,1.0,0.20499999999999996,0.466427369182971,0.678,0.0901888761812531,0.19230769230769232,0.19230769230769232,19.73423076923077,0.6122307692307692,0.038935980573664215,90.66807692307692,-0.20769230769230768,0.5871500746757845,95.19961538461538,-0.016923076923076916,0.3772424956530929,0.27615384615384614,0.41982687598792584,1.0103846153846154,0.037986553896287814,17.82225,0.5649287338560224,-0.3061538461538461,1.0,1.0,0.3783846153846154,0.13187877595722033,-0.28850403461538454,0.35890502623076925,0.04617389160253121,-8.440384615384614,-0.15923076923076923,0.7316712762414823
peptide_pv_12,LLIILKKKWKKQAKAKSK,-0.27111111111111114,0.2911758693172164,-0.6888888888888888,0.6237951049732309,10.432588888888885,2.6099111111111117,4.791277777777777,8.615088888888891,2.5042166666666663,3.6985277777777776,2.0182055555555554,0.5451888888888888,2.131666666666667,0.03622649713609689,1.0,0.05166666666666665,0.38525999343858996,0.73,0.0368347281694924,0.4444444444444444,0.4444444444444444,18.065000000000005,0.5601666666666667,0.0897693142741059,112.10444444444445,0.6166666666666667,0.7440298423696378,107.50999999999999,-0.735,0.4027049832776745,-0.050000000000000065,0.19625855456849578,1.1855555555555557,0.03488140613387414,19.23166111111111,0.17257978765230841,-0.04555555555555558,1.0,2.0,0.47044444444444444,0.09155420459300784,0.43836973333333334,0.4436084331111111,0.014708241797542885,0.45388888888888995,-1.02,0.6388365682451073
peptide_pv_13,VNWKKILGKSIKVSK,-0.08333333333333331,0.39061403334402633,-0.3133333333333333,0.8941416722004324,10.491366666666666,5.261093333333333,3.8584199999999997,8.810540000000001,4.16646,3.201086666666667,2.1445199999999995,0.4989666666666666,2.2066666666666666,0.1850655912772102,1.0,-0.17866666666666667,0.3725740836626524,0.6996666666666668,0.006568083503298377,0.3333333333333333,0.3333333333333333,18.531333333333333,0.625,0.07441622474342437,101.57933333333334,0.26666666666666666,0.9144956891833904,98.292,-0.40399999999999997,0.5647104535095415,0.0793333333333333,0.28370308843064485,1.0200000000000002,0.07496937798792845,19.14125333333333,0.869811561383599,-0.2733333333333334,1.0,1.0,0.4484666666666667,0.1333929946391235,1.0938588666666667,0.40507876786666663,0.012112937749563065,-2.1053333333333337,-0.664,0.8892573044459072
peptide_pv_14,GLPVCGETCVGGTCNTPGCTCSWPVCTKN,0.1889655172413793,0.05451370939792991,0.1724137931034482,0.13561124035097236,4.846331034482758,7.449837931034483,5.0271,4.586586206896553,5.810617241379311,4.104906896551725,1.594575862068965,2.2304689655172414,2.0124137931034483,0.22063143487296494,0.0,-0.12620689655172415,0.1545282184366435,0.5710344827586208,0.06521301360623122,-0.020689655172413796,-0.020689655172413796,19.796896551724135,0.586103448275862,0.05271366957962089,65.03034482758619,-0.3793103448275862,0.30955613604352367,73.59379310344829,0.3489655172413793,0.1563731489324861,0.2258620689655172,0.04100276965836779,0.8768965517241379,0.012161547414132957,18.144272413793104,0.8551467729871075,-0.6072413793103449,0.0,1.0,0.3699310344827586,0.05091387797929345,-0.9219744965517243,0.38466153699999994,0.03514052527157074,-14.835862068965518,-0.3817241379310345,0.23217276761132827
peptide_pv_15,FLSLALAALPKFLCLVFKKC,0.45899999999999996,0.33746577792107163,1.5850000000000002,1.0535061521633837,10.78708,1.9046200000000002,3.852435,9.791385000000002,2.685974999999999,3.5489800000000002,0.6956850000000001,1.46197,1.7864999999999998,0.17579283580453336,1.0,0.8200000000000001,0.36879874078669045,0.7575999999999999,0.10806729919271954,0.13999999999999999,0.13999999999999999,20.864499999999996,0.36465000000000003,0.05303631238401,95.80499999999999,-0.7,0.6313398788913492,120.76399999999998,0.29799999999999993,0.4080021797285792,0.692,0.35571271454222203,1.152,0.11140306308434322,19.527859999999997,1.5928929111472432,-0.19150000000000003,1.0,1.0,0.24255,0.09252399612318021,-0.13629809000000032,0.4473430519499999,0.04345579568952722,-6.063000000000001,0.3255,0.6512864228419517
peptide_pv_16,ILPFKFPFFPFRR,0.18153846153846157,0.2866012927098294,0.3538461538461537,0.5250707216213452,14.417023076923076,2.2573384615384615,3.9599461538461536,12.368015384615385,2.8470538461538464,3.9707000000000003,1.0994076923076923,1.1422384615384615,1.3938461538461537,0.5265011199259135,1.0,0.4446153846153847,0.10612576606236944,0.8176923076923077,0.07203672606530967,0.23076923076923078,0.23076923076923078,22.544615384615383,0.4936923076923077,0.07430857257441986,110.9,-0.5461538461538461,0.4007812312646397,140.94538461538463,-0.027692307692307683,0.23374115089260028,0.29153846153846164,0.17926161362301274,0.9484615384615386,0.21379110046555605,21.064192307692306,2.055620530946688,0.5546153846153847,1.0,1.0,0.2725384615384615,0.06618335640399867,1.4776801384615383,0.5285680695384616,0.1057822440916661,-2.7630769230769214,0.05923076923076927,0.3450232845993279
peptide_pv_17,LRRLWLRANRLLRRLWLRANRL,-0.45,0.7777240595599157,-0.49090909090909096,1.5792032480753426,12.394345454545457,4.369372727272728,4.782927272727273,13.745899999999999,5.0264,5.424554545454545,2.8263363636363628,0.8862000000000002,1.8927272727272724,0.04517432955997192,1.0,0.5727272727272726,0.5109725540859378,0.753,0.06168939216969258,0.36363636363636365,0.36363636363636365,19.64272727272727,0.5417272727272727,0.1661559941755811,117.0690909090909,0.1,1.1206471477765465,100.0509090909091,-0.2809090909090909,0.5805156943391451,0.002727272727272669,0.5191239322829975,1.110909090909091,0.09522570975911608,19.638672727272727,0.6463893492204835,0.3199999999999999,1.0,2.0,0.368,0.1222814847686529,-1.8007963090909094,0.5143535044545453,0.03486884476214915,1.8945454545454543,-0.24636363636363628,0.8865901735288265
peptide_pv_18,KWKLFKKIGAVLKVL,0.16733333333333336,0.4139307319247934,0.5399999999999998,1.4564718235052188,11.928586666666668,5.03216,3.8394266666666668,10.053473333333333,4.474386666666666,3.1526266666666674,1.8415666666666661,0.49417333333333324,2.094666666666667,0.023865679212984246,1.0,0.2919999999999999,0.5476014964161932,0.7760666666666665,0.13070832084841832,0.3333333333333333,0.3333333333333333,18.98933333333333,0.4778,0.015178693440283133,110.76133333333334,-0.10666666666666667,0.7181230743813825,121.62799999999999,-0.23666666666666666,0.46236570284334033,0.3573333333333333,0.4871134184293302,1.116666666666667,0.06366583282492727,18.808800000000005,1.7728348878055418,-0.08733333333333332,1.0,1.0,0.34886666666666677,0.11880517678937509,1.2887072,0.4482482952666666,0.04736233187778653,-1.2379999999999993,-0.21666666666666662,0.8191104355548535
peptide_pv_19,CGESCVWIPCTITALAGCKCKSKVCYNSIP,0.203,0.046211037371419565,0.52,0.18847198217304653,6.29633,4.553326666666667,5.195376666666667,5.794176666666668,4.156803333333333,4.425796666666668,1.5252566666666667,2.13372,1.9809999999999997,0.07328689930467194,0.0,-0.002999999999999997,0.1422952402855818,0.6301333333333334,0.07282981644157298,0.04666666666666666,0.04666666666666666,19.592333333333332,0.5499333333333333,0.04479806941986848,78.42366666666666,-0.3533333333333334,0.18253317410998665,86.17733333333332,0.2713333333333333,0.07359063459631356,0.34700000000000003,0.06422083507328444,0.9756666666666666,0.04385703650773704,19.538423333333334,1.8160702313646426,-0.4726666666666667,1.0,1.0,0.3403,0.03750147777550814,-0.67231118,0.4367270161666666,0.056358564973594066,-8.807,-0.292,0.1846241415635551
peptide_pv_20,KLLKKLLKLWKKLLKKLK,-0.21611111111111106,0.816701500321627,-0.31111111111111117,2.2199069262769355,13.088983333333335,2.2057,5.396783333333332,11.819650000000001,2.009583333333333,4.106100000000001,1.9978722222222218,0.5021,2.0244444444444443,0.15926641661373772,1.0,0.5261111111111111,0.9403122969491028,0.8303333333333333,0.10028223889547827,0.5,0.5,19.67888888888889,0.4861111111111111,0.14622005290833467,126.57777777777781,0.5111111111111111,1.6194857456953395,130.3127777777778,-0.7805555555555556,1.031572916790744,0.06444444444444436,0.7200281489919371,1.2477777777777779,0.008560400232389047,19.696283333333334,0.5827141484509223,0.08888888888888886,1.0,2.0,0.3984444444444445,0.24951209998223167,-0.6091075555555557,0.5021030904444443,0.014767899481679987,3.822777777777778,-0.8361111111111111,1.6741089181313369
peptide_pv_21,KWKKLLKKLLKLLKKLLK,-0.21611111111111106,0.8157112920096358,-0.31111111111111117,2.2023629289003313,13.088983333333335,2.2056999999999998,5.396783333333332,11.819650000000001,2.0095833333333335,4.1061000000000005,1.9978722222222218,0.5020999999999999,2.0244444444444443,0.15831867004986455,1.0,0.5261111111111111,0.9318856996874436,0.8303333333333333,0.10033209001431494,0.5,0.5,19.67888888888889,0.4861111111111111,0.14698047338820838,126.57777777777781,0.5111111111111111,1.6245610177271907,130.3127777777778,-0.7805555555555556,1.0306210822155375,0.06444444444444436,0.7142736782143932,1.2477777777777779,0.005172996323336293,19.696283333333334,0.5912502346268688,0.08888888888888888,1.0,2.0,0.3984444444444445,0.24930159342685945,-0.6091075555555556,0.5021030904444443,0.012142391219886237,3.8227777777777794,-0.8361111111111111,1.673128230611021
peptide_pv_22,GIGKFIHAAKKFGKLFIGEIMNS,0.2608695652173913,0.44791207078162854,0.3260869565217391,1.3800399248792654,11.169482608695654,6.708221739130437,2.0896391304347826,9.090595652173914,4.891643478260868,2.0013391304347827,2.0562869565217383,0.45840000000000003,2.213043478260869,0.10343215903867363,1.0,0.16043478260869565,0.30061274982597774,0.6031304347826086,0.0735039571862565,0.13478260869565215,0.17391304347826086,20.430434782608696,0.5598260869565217,0.020363817803798683,89.97521739130435,-0.1652173913043478,0.6891605903453667,97.16130434782609,0.07000000000000002,0.4774889514428738,0.2847826086956522,0.4652302572077432,1.0426086956521738,0.07248440946759661,17.016921739130435,1.5248154665423743,-0.24608695652173915,1.0,1.0,0.40360869565217394,0.12291530743574337,0.6767916826086958,0.36406015186956525,0.02489063410553801,-5.57782608695652,-0.14304347826086958,0.8326582327737586
peptide_pv_23,SWLRDLWDWICEVLSDFK,0.10666666666666666,0.6065609636725323,-0.07222222222222216,1.7699266559267988,13.627466666666667,4.0355277777777765,3.560544444444444,13.255011111111111,4.452777777777779,3.3427722222222216,4.23605,1.1082666666666665,2.2122222222222225,0.27723637311114185,1.0,0.1861111111111111,0.630145641914359,0.7352222222222222,0.16466199173392784,-0.11666666666666667,-0.11666666666666667,21.13222222222222,0.5093333333333333,0.1719094975862287,107.4011111111111,-0.21111111111111114,1.2504727047355417,101.79777777777778,0.09944444444444442,0.44635698018700853,0.14333333333333334,0.587256994246624,1.0733333333333335,0.03358586939144243,21.617105555555554,0.6967086747659116,-0.19055555555555562,1.0,2.0,0.38411111111111107,0.22562038320382335,1.6271738055555556,0.5172688559999999,0.06739299640249098,9.629444444444447,-0.2577777777777778,1.216412601966818
peptide_pv_24,MSDFVNAISEAVKAGLSADWVTMGTSIADALAKGADFILGFFN,0.34534883720930226,0.16009771884033536,0.6395348837209303,0.5135966844887756,9.340662790697673,5.180167441860465,1.44146511627907,8.612444186046512,4.629546511627906,1.5931162790697668,1.9008813953488364,0.7490558139534884,2.2083720930232555,0.045051560140781134,1.0,0.28651162790697665,0.1737851501835538,0.6015813953488373,0.05844691682785368,-0.06976744186046512,-0.06976744186046512,20.275116279069767,0.5107209302325583,0.014414295591279349,78.03372093023255,-0.313953488372093,0.38726440761313796,84.25651162790699,0.28302325581395343,0.13093430893487112,0.38372093023255816,0.17316202357688942,1.0486046511627907,0.02669754797383272,17.895204651162796,0.6829773039685927,-0.6,1.0,1.0,0.4013488372093022,0.08707415037846697,1.2393313813953488,0.31314147609302323,0.05400332903529212,-6.856046511627907,0.03209302325581391,0.41124209438473597
peptide_pv_25,GFKDLLKGAAKALVKTVLF,0.2563157894736842,0.41001485302954344,0.7368421052631579,1.2313572510560062,9.96991052631579,5.287405263157896,2.8814263157894735,8.855984210526314,4.532973684210525,2.473142105263158,1.1878421052631576,0.5293526315789475,2.115789473684211,0.21688662683572155,1.0,0.40578947368421053,0.4526048081953449,0.6779473684210525,0.07740296510728592,0.15789473684210525,0.15789473684210525,19.586842105263155,0.47589473684210526,0.132961610602574,90.62052631578948,-0.11052631578947371,0.8573923854648694,103.19315789473683,-0.012631578947368391,0.4979613843571239,0.41578947368421043,0.40154225505238,1.101578947368421,0.007296738448020828,17.32882631578947,0.7335028337750933,-0.4042105263157894,1.0,1.0,0.37547368421052635,0.13888060840297495,0.7256997894736842,0.3501553083157894,0.017183347010653775,-7.703157894736841,-0.13210526315789475,0.8817276309212728
peptide_pv_26,GLLSGVLGVGKKVLCGLSGLC,0.47619047619047616,0.3406310721220114,1.361904761904762,1.3137244992094286,8.652614285714288,9.957976190476192,3.132261904761905,8.503490476190475,6.638199999999999,3.0374476190476196,0.8419761904761903,0.9636285714285713,2.1842857142857146,0.18613539213089225,0.0,0.44476190476190475,0.5283608449378099,0.5718571428571428,0.19034212106030032,0.0857142857142857,0.0857142857142857,20.427142857142854,0.5932857142857143,0.13401069770584148,72.12095238095237,-0.5095238095238095,0.6207541307238165,86.37619047619047,0.4666666666666667,0.30217628129756074,0.6180952380952381,0.43776145891403473,0.9623809523809524,0.10944231106975379,14.732271428571432,3.13686567913876,-0.7080952380952381,0.0,1.0,0.29500000000000004,0.12447989462749638,-1.478971371428571,0.31491496199999996,0.0712463255712115,-16.076666666666668,0.2657142857142858,0.7019305362601596
peptide_pv_27,LKLLLLKLLKLKLWK,0.21400000000000005,0.06084650520071421,0.9199999999999999,0.4476216200490768,14.726360000000001,2.187406666666667,3.9109399999999996,14.00638,2.3129399999999998,3.421966666666667,1.8399799999999997,0.6239333333333332,1.9373333333333334,0.0733749384889066,1.0,1.0513333333333332,0.22499946279554214,0.8823333333333332,0.04051945055556361,0.3333333333333333,0.3333333333333333,21.339333333333332,0.414,0.025631072055956994,124.78533333333333,-0.30666666666666664,0.04141836131284005,139.12266666666667,-0.2386666666666666,0.05777573302438753,0.4640000000000001,0.15079874163533263,1.2560000000000002,0.0690351991052787,19.888340000000003,0.7344924493900347,0.04933333333333327,1.0,1.0,0.2674666666666667,0.012330103971061275,-1.2492078666666666,0.4984716669333332,0.032884706532720534,2.9419999999999997,0.04066666666666675,0.09227125590665948
peptide_pv_28,FIGLLISAGKAIHDLIRRRH,0.07100000000000002,0.4183010864121225,0.3450000000000001,1.281518499711787,11.367045000000001,5.531780000000002,3.06213,10.89909,4.684704999999999,3.4296099999999994,2.9278649999999997,0.38254,2.1514999999999995,0.2095258162814199,1.0,0.27349999999999997,0.49878445116828,0.6526000000000001,0.13342826496604152,0.16,0.25,20.310499999999998,0.5791999999999999,0.0754207856379523,95.721,-0.08999999999999994,0.7640376926604106,95.0685,0.11050000000000001,0.3803736177988384,0.28899999999999987,0.4334923070843956,1.048,0.09565210505883256,18.182605000000002,2.0039534153291956,-0.1915000000000001,1.0,1.0,0.38695,0.11410807151088757,-0.990727865,0.39254643780000004,0.061099773216584316,-3.9564999999999997,-0.1075,0.7763616088161027
peptide_pv_29,KWKSFLKTFKSAKKTVLHTALKLISS,-0.016153846153846137,0.4146716503933664,-0.13846153846153847,1.194160516187473,9.551234615384613,2.955053846153846,3.2745846153846148,8.35388076923077,3.0277730769230775,2.692803846153846,2.339676923076922,0.4816807692307693,2.0846153846153848,0.1438485496032576,1.0,0.17692307692307693,0.390671313910107,0.7016153846153848,0.09080012004021157,0.27307692307692305,0.3076923076923077,19.23038461538462,0.5047692307692307,0.1188395259723504,100.02423076923077,0.023076923076923075,0.7389140478184643,101.78923076923076,-0.3026923076923077,0.4162297291586426,0.1261538461538461,0.3957780572582569,1.0907692307692307,0.03861781059003064,19.93466538461539,0.734566748401363,-0.18423076923076925,1.0,2.0,0.4150000000000001,0.13250152305806429,0.8225895384615386,0.4045831900384616,0.05642673057358459,-4.116538461538462,-0.453076923076923,0.780139851961789
peptide_pv_30,GIFSKINKKKAKTGLFNIIKTVGKEAGMDVIRAGIDTISCKIKGEC,0.03282608695652176,0.07147943795014478,-0.013043478260869577,0.13754381292248374,9.402745652173914,5.93168043478261,3.6453695652173916,7.949102173913041,4.452484782608695,3.180571739130435,1.816182608695652,0.6883391304347826,2.247826086956522,0.0389000831920153,1.0,-0.07065217391304347,0.041131852447741576,0.6129130434782608,0.05798948040939096,0.12608695652173915,0.12608695652173915,19.808260869565213,0.6349347826086955,0.035247810262771836,87.05847826086956,0.2782608695652174,0.08704064070066833,85.26934782608696,-0.10456521739130432,0.05682826307290362,0.17565217391304344,0.05254498309492781,1.0180434782608696,0.012142460314009215,17.90321956521739,1.6578174069826037,-0.4584782608695651,1.0,1.0,0.45217391304347826,0.018828242303004238,0.5307474521739131,0.36323209184782607,0.047636680777470505,-5.310217391304347,-0.5663043478260871,0.08932309873456956
peptide_pv_31,RKCNFLCKLKEKLRTVITSHIDKVLRPQG,-0.24724137931034482,0.37605106265121513,-0.4827586206896552,1.1589092634786808,9.317593103448278,3.551406896551725,5.05263103448276,8.873755172413793,3.2259482758620694,4.488979310344829,2.3877931034482747,0.9147965517241379,2.1310344827586203,0.13048973269197206,1.0,0.0024137931034482053,0.32644408331329217,0.6967586206896553,0.09343163459943643,0.20344827586206898,0.23448275862068965,19.525172413793104,0.5962068965517241,0.0944944397405816,99.02999999999999,0.3827586206896552,0.6423365601226801,91.34793103448274,-0.2972413793103449,0.37488764926504303,0.014137931034482725,0.38315767045739024,1.0582758620689654,0.033458174975028385,19.965575862068963,0.42896974169030067,-0.12862068965517243,1.0,2.0,0.4473448275862069,0.12380971209626537,-0.49367292758620673,0.4443759779310344,0.02406534643409516,-1.0865517241379303,-0.8055172413793105,0.5975935116612755
peptide_pv_32,ILPWKWPWLPWRR,0.053846153846153925,0.25001594597620563,-0.7076923076923076,0.30174755630291056,13.399646153846154,5.788176923076922,4.178246153846153,12.776846153846154,6.306007692307692,3.8164307692307693,4.6682384615384604,1.8265461538461538,1.5546153846153847,0.5293371390086361,1.0,0.18153846153846148,0.2594053892405191,0.8557692307692307,0.0738596123123974,0.23076923076923078,0.23076923076923078,20.033846153846152,0.5129230769230769,0.08952855583980851,121.05538461538464,-0.7692307692307693,0.56574820891788,135.37692307692308,-0.11384615384615385,0.20159938667287106,-0.066923076923077,0.120478904261825,0.9415384615384617,0.23256734312617514,21.590376923076924,1.8064778430271942,0.5169230769230772,1.0,2.0,0.27738461538461534,0.06049197208212158,1.2120472923076921,0.6043516792307693,0.10234501028543043,2.265384615384616,-0.0915384615384615,0.2943203404135788
peptide_pv_33,GFFALIPKIISSPLFKTLLSAVGSALSSSGGQE,0.3793939393939394,0.05475477531353869,0.7454545454545455,0.19899693530466242,9.326281818181815,5.3958818181818184,1.3892242424242425,8.587442424242425,4.017727272727273,1.7873515151515151,1.2475212121212118,0.6825636363636368,2.008181818181818,0.14427267386754136,0.0,0.3484848484848485,0.12018552878991093,0.6043939393939393,0.04511095542472039,0.030303030303030304,0.030303030303030304,20.774848484848484,0.6124545454545454,0.06797276334560902,75.82303030303031,-0.42424242424242425,0.2158984669518105,87.41575757575758,0.26454545454545453,0.07742229580791891,0.4157575757575757,0.06446360174714501,0.9821212121212121,0.08477629468100556,17.184545454545457,1.1467350151011233,-0.48727272727272725,0.0,1.0,0.3539090909090909,0.02984770171142676,0.24380482424242444,0.2997100086060606,0.011449691523994159,-13.09181818181818,0.1278787878787879,0.1384392515245327
peptide_pv_34,CGESCVWIPCISAALGCSCKNKVCYRNGIP,0.16299999999999995,0.04204704176607253,0.4166666666666666,0.2078157477295943,6.758906666666666,5.435266666666666,5.157030000000001,6.445053333333334,4.658839999999999,4.5842066666666685,1.5076466666666664,2.21203,1.9899999999999998,0.055909460521397364,0.0,-0.02933333333333333,0.13562606479293163,0.5996,0.07992823055630632,0.04666666666666666,0.04666666666666666,19.618000000000002,0.5749666666666667,0.059119870086737546,76.60933333333334,-0.32,0.1553727618970955,81.91133333333332,0.30066666666666664,0.04235897403646393,0.31266666666666665,0.07654901516328126,0.9606666666666666,0.0319252701473515,18.812459999999998,1.7205654361998581,-0.45733333333333337,1.0,1.0,0.35096666666666676,0.029884049922703337,-1.0801019833333334,0.43308252996666663,0.03915027599273107,-8.775,-0.3013333333333333,0.2359352492691203
peptide_pv_35,GLLSVLKGVLKTAGKHIFKNVGGSLLDQAKCKISGEC,0.14432432432432435,0.13190677774083634,0.26216216216216215,0.45955141241307507,8.809827027027032,6.6015000000000015,3.206840540540541,8.053797297297296,4.7727432432432435,2.8598729729729735,1.7834837837837838,0.7781054054054054,2.248918918918919,0.10090463028403059,1.0,0.1262162162162162,0.22275362409849273,0.5989729729729729,0.03325067310836864,0.1054054054054054,0.12972972972972974,19.645945945945943,0.5912162162162161,0.05252127047488373,82.01864864864865,6.00120553851436e-18,0.33043421800494754,83.83621621621622,0.045135135135135146,0.220754149954054,0.2578378378378378,0.14555880591846834,1.0332432432432432,0.026115118229989204,16.964278378378374,0.7347152515441031,-0.49513513513513513,1.0,1.0,0.41500000000000004,0.05600196002491067,-0.4632520162162164,0.34335699440540535,0.007010578412789023,-8.52324324324324,-0.36486486486486486,0.31497074870775393
peptide_pv_36,GIGAVLKVLSTGLPALISWIKRKRQQ,0.10769230769230768,0.3604909626814967,0.2692307692307692,1.2295221339130822,9.293723076923076,6.180496153846155,2.8765038461538457,8.66149230769231,4.919557692307692,3.014819230769231,1.6993423076923075,0.6016307692307694,2.109230769230769,0.18412823917866636,1.0,0.19923076923076918,0.4088136628890036,0.6655384615384616,0.09587940273075007,0.19230769230769232,0.19230769230769232,19.214615384615378,0.6266538461538461,0.06370723845384364,89.82153846153845,-0.16923076923076913,0.5364893827307003,90.62230769230767,-0.006923076923076903,0.33995639019293794,0.26346153846153836,0.40774551926868824,1.011923076923077,0.04287549837257762,17.546950000000002,0.5114221891526166,-0.26115384615384607,1.0,1.0,0.37550000000000006,0.120317814705166,-0.2410761461538461,0.3596556276538462,0.038578812921805095,-8.725384615384616,-0.16115384615384615,0.6789199104410055
peptide_pv_37,FLALIGRVLSGIL,0.6461538461538462,0.5518259591914209,2.0692307692307694,1.631297530879619,12.552369230769232,6.726053846153847,1.5520461538461539,11.8938,5.324884615384614,2.4935,0.9042692307692307,0.44607692307692304,2.006153846153846,0.11525974935405812,0.0,0.8330769230769229,0.49769604080413504,0.7056923076923076,0.23961885955575413,0.07692307692307693,0.07692307692307693,21.680769230769233,0.5386153846153846,0.051314964425096685,89.65000000000002,-0.9230769230769231,0.8474054149805371,108.14538461538459,0.5953846153846154,0.41024386965328397,0.856153846153846,0.5590402443975773,1.023846153846154,0.145348350072356,16.960923076923077,3.999587552253795,-0.3746153846153847,0.0,1.0,0.2202307692307692,0.12416960567525487,-0.5842929307692308,0.35072075823076915,0.10426571530670749,-10.065384615384618,0.8892307692307693,0.8435060341753666
peptide_pv_38,ILPWKWPLLPWRR,0.07615384615384617,0.255571123069073,-0.34615384615384615,0.5540545595955737,13.014538461538462,4.844976923076922,4.196546153846153,12.723676923076924,5.241884615384615,3.960430769230769,3.797838461538461,1.6863538461538463,1.5346153846153845,0.5177941428291973,1.0,0.3530769230769231,0.2820512335866764,0.8546153846153847,0.07328713982338121,0.23076923076923078,0.23076923076923078,20.596153846153847,0.5321538461538462,0.07748843894272087,116.46846153846155,-0.6461538461538462,0.5188111195715949,133.39307692307693,-0.09230769230769233,0.207693561673463,0.051538461538461464,0.19934726699002653,0.9653846153846154,0.2414033286074787,21.090138461538462,1.5049279393969444,0.38692307692307687,1.0,1.0,0.2726153846153846,0.06192329476012292,0.33228559999999985,0.5613955758461538,0.06538294046796853,-0.4176923076923064,-0.06923076923076919,0.31556740615735396
peptide_pv_39,KKLFKKILKFL,-0.036363636363636376,0.8492633258539535,0.18181818181818182,2.3889299669868955,14.647518181818185,1.7568727272727274,4.876827272727272,11.993145454545454,1.7773272727272726,3.893827272727273,1.2676818181818184,0.31215454545454546,1.9681818181818185,0.15490576601755882,1.0,0.4609090909090909,0.8128478397017904,0.8278181818181818,0.0986217495383877,0.45454545454545453,0.45454545454545453,20.60727272727273,0.4697272727272727,0.1154028420891768,126.49545454545455,0.2545454545454545,1.5625611111718924,137.17090909090908,-0.5863636363636363,1.0485804706295794,0.2363636363636363,0.7856249666331323,1.1963636363636365,0.04008808683651661,20.307263636363636,0.9866817919544553,0.22909090909090904,1.0,2.0,0.36918181818181817,0.2380124213377216,0.7411624545454546,0.5143962549090908,0.008589439486875863,4.675454545454546,-0.5372727272727272,1.676871972134393
peptide_pv_40,CGESCVYIPCLTSAVGCSCKSKVCYRNGIP,0.13233333333333333,0.04196563697003422,0.39999999999999986,0.23397764886683706,5.465800000000001,5.3542,5.205430000000001,5.642803333333334,4.40208,4.598193333333335,1.2045299999999997,2.07511,2.0069999999999997,0.03912785420752584,0.0,-0.07066666666666667,0.13740685984726653,0.5949666666666666,0.09249340865164161,0.04666666666666666,0.04666666666666666,19.534,0.5985333333333335,0.030916020860417708,74.79166666666667,-0.26666666666666666,0.12927502769953386,79.25533333333333,0.25633333333333336,0.05241803507465189,0.30700000000000005,0.08414319422178208,0.9313333333333332,0.04131237985856379,18.895686666666666,1.6489946893204162,-0.48533333333333334,1.0,1.0,0.3493000000000001,0.029977480600449257,-1.30844515,0.4212320714666667,0.034128791952368315,-10.326666666666666,-0.3399999999999999,0.2291480785064515
peptide_pv_41,HFLLKLVNLAKKIL,0.2957142857142857,0.5814901202062093,0.9928571428571428,1.9638907942078365,12.808200000000001,2.1646499999999995,2.8038642857142855,11.602421428571429,2.597264285714286,2.6878071428571433,1.9660071428571426,0.61135,2.0449999999999995,0.14430022026502468,1.0,0.6778571428571427,0.6536874599174147,0.8104999999999999,0.08215356482703769,0.22142857142857145,0.2857142857142857,20.555,0.4048571428571428,0.05264515416298087,109.26428571428573,-0.4714285714285714,0.8142758091274211,122.45428571428567,0.019999999999999993,0.6053487342051518,0.49714285714285705,0.651756103824538,1.1821428571428572,0.04512571965908315,20.051457142857146,0.9730014650734978,-0.06999999999999999,1.0,1.0,0.3191428571428571,0.17716148971385537,-0.6388570714285714,0.43381142721428567,0.04779373240267575,0.162857142857143,0.10357142857142858,1.0990987941927661
peptide_pv_42,GFKKLLKGAAKALVKTVLF,0.22473684210526318,0.43828511332851106,0.7157894736842106,1.2521163399744641,9.697068421052633,5.324836842105264,3.107215789473684,8.298284210526315,4.529142105263157,2.6034157894736847,0.9861842105263158,0.5048052631578949,2.0710526315789473,0.1742847298328246,1.0,0.40578947368421053,0.4526048081953449,0.689578947368421,0.06829676224516394,0.2631578947368421,0.2631578947368421,19.083684210526318,0.46710526315789475,0.1242547769104427,93.89684210526316,-0.11052631578947371,0.8573923854648694,107.59315789473683,-0.10263157894736838,0.5758086324322658,0.41052631578947363,0.40672565566098495,1.1115789473684212,0.005369857291064615,17.168594736842103,0.8516665862705696,-0.2978947368421053,1.0,1.0,0.364421052631579,0.12784941232731561,0.7330712105263156,0.36165183705263154,0.02216170081732376,-8.808947368421052,-0.14210526315789473,0.8910381366657522
peptide_pv_43,LCYCFRRRCVCV,-0.1316666666666666,0.30820602603434644,0.8500000000000001,0.9994911425267111,7.088866666666664,3.645825,9.0183,7.999016666666667,4.604333333333333,8.33985,1.1888750000000001,2.6190333333333333,1.8891666666666669,0.1201069860326986,1.0,0.19416666666666663,0.3513672298174361,0.7221666666666667,0.0918031915257636,0.21666666666666665,0.21666666666666665,19.180833333333336,0.44083333333333335,0.05269016385113132,102.8125,-0.3833333333333333,0.36911272678233864,99.79166666666667,0.295,0.3372501798134276,0.4608333333333334,0.34435541588138946,1.0191666666666668,0.154538613397293,21.785750000000004,2.0205868276729535,0.12083333333333324,1.0,2.0,0.23433333333333328,0.04000661741605612,-2.0473694916666667,0.6477976330833334,0.05155160884519339,0.7466666666666667,-0.1416666666666666,0.3806039150214397
peptide_pv_44,QRLFQVKGRR,-0.682,0.5127790397774064,-1.4,1.0225632287410173,9.64251,5.94825,5.08766,9.55777,4.894889999999999,5.29422,1.98965,0.22888000000000003,2.242,0.32571042916512255,1.0,-0.11000000000000001,0.3163448285821611,0.655,0.12130445558298635,0.4,0.4,17.709000000000003,0.6875,0.16201463262321464,108.46,0.66,0.5844525208569339,79.06200000000001,-0.613,0.27744638458709436,-0.28700000000000003,0.32599764560856564,1.0490000000000002,0.06906265309911899,18.13035,2.5074689130948875,0.42800000000000005,1.0,2.0,0.4911,0.11292573388508113,-0.6858845900000003,0.46529508580000006,0.0709962091405898,0.09000000000000126,-0.9780000000000001,0.46828193690811865
peptide_pv_45,ILPWKKPKLPWRR,-0.3015384615384615,0.3081167593562237,-1.1692307692307693,0.2243773011129448,11.169353846153845,4.044423076923077,5.583953846153846,10.659076923076926,4.039623076923077,4.716738461538463,3.189238461538461,1.452392307692308,1.5976923076923077,0.5360624693791346,1.0,0.016923076923076905,0.23296809198464052,0.8056153846153846,0.06575110561861126,0.38461538461538464,0.38461538461538464,19.550769230769234,0.6153846153846154,0.10107515489641769,114.14769230769231,0.21538461538461537,0.7078808143060734,123.54153846153848,-0.5738461538461539,0.27668335236968017,-0.21461538461538468,0.09567436132200863,0.9784615384615386,0.23890136453652341,20.479315384615383,1.6494551149052628,0.3107692307692308,1.0,2.0,0.3893846153846154,0.07851378526431058,0.16068729230769213,0.5275190361538462,0.09556775600081338,-1.9299999999999995,-0.8592307692307692,0.3403584847452159
peptide_pv_46,GVVDILKGAAKDLAGHLATKVMNKL,0.18520000000000011,0.15895649543419854,0.408,0.9624467550597025,8.342768,5.780256000000003,2.5936239999999997,7.92454,4.710719999999999,2.2249120000000002,2.018144,0.612576,2.28,0.1669163723490602,1.0,0.23679999999999993,0.3450081536562376,0.62972,0.1415204479558013,0.084,0.12,19.199199999999998,0.5150000000000001,0.1099303790096198,82.4128,0.020000000000000028,0.3266615904589022,87.8556,0.03639999999999997,0.05539193268800099,0.30759999999999993,0.32237095320287124,1.086,0.10532385553449902,17.157316,1.7107167167190358,-0.6116,1.0,1.0,0.42904000000000003,0.09573148798673906,0.011588107999999977,0.30935339759999997,0.04660413576674708,-7.7964,-0.3112,0.3924328916676833
peptide_pv_47,LLKWLLKWLKK,0.1018181818181819,0.7430345633801544,0.1454545454545453,2.250872673146042,15.015263636363636,3.627445454545455,4.153218181818182,13.68978181818182,3.878690909090909,3.327009090909091,3.194509090909091,0.8153272727272726,1.9836363636363636,0.1668399371737405,1.0,0.6945454545454546,0.9699946816464938,0.8746363636363635,0.09430196543826867,0.36363636363636365,0.36363636363636365,20.18090909090909,0.39781818181818185,0.12835041187954055,132.09818181818184,-0.3454545454545455,1.4415942334295038,140.54272727272726,-0.37000000000000005,0.9347804171626339,0.21090909090909085,0.730576580850451,1.2181818181818185,0.03129020524683262,20.6154,1.55184507679726,0.2545454545454546,1.0,2.0,0.29854545454545456,0.22561709979537906,0.2072554545454546,0.5645640509090909,0.10412682968139492,7.18909090909091,-0.1527272727272727,1.512405110205497
peptide_pv_48,KNWKGIAGMAKKLLGKNW,-0.028888888888888877,0.3778500831205264,-0.6611111111111111,1.0632084704741909,10.119122222222224,7.66567777777778,3.088344444444444,8.636600000000001,5.938522222222222,2.364105555555556,2.498616666666666,0.9429611111111112,2.211111111111111,0.15647065240774066,1.0,0.048333333333333325,0.4323500388838568,0.608111111111111,0.11862276901043632,0.2777777777777778,0.2777777777777778,18.829444444444437,0.5393888888888889,0.14717674211481135,95.39944444444444,0.049999999999999996,0.9494694633523107,94.21555555555555,-0.2944444444444444,0.49409748560003586,-0.04722222222222227,0.3481253404957214,1.0683333333333331,0.05387841347170756,16.873683333333332,2.8260589198379544,-0.2111111111111112,1.0,1.0,0.45399999999999996,0.11777117987340197,0.1830267055555554,0.39508059661111117,0.05341629925188784,-4.163333333333332,-0.5711111111111112,0.8502453379342761
peptide_pv_49,KVLKAAAKAALNAVLVGANA,0.299,0.38977784452095326,0.9650000000000002,1.1134053781752098,6.216115,4.261375,1.950914999999999,5.7040049999999995,4.657335,1.87741,0.6928599999999998,1.062745,2.0810000000000004,0.18073896332946496,0.0,0.35899999999999993,0.28020947122533957,0.6268999999999999,0.06493229892671759,0.15,0.15,17.2305,0.42295,0.06912087788097224,73.63449999999999,-0.22499999999999995,0.49526326296383283,85.07750000000001,0.13099999999999995,0.49662679444457797,0.49449999999999994,0.36432327265244085,1.15,0.056215460803641856,16.398674999999997,2.5103006324644097,-0.679,1.0,1.0,0.40295,0.11060057739770472,0.4843669999999996,0.2594521515,0.07955832188609394,-14.2865,-0.04650000000000003,0.6566741997574643
peptide_pv_50,RRWPLKPKKWPLI,-0.3015384615384614,0.30811675935622407,-1.169230769230769,0.22437730111294407,11.169353846153847,4.044423076923077,5.583953846153846,10.659076923076924,4.039623076923077,4.716738461538462,3.189238461538461,1.4523923076923078,1.597692307692307,0.5360624693791344,1.0,0.01692307692307687,0.23296809198464036,0.8056153846153845,0.06575110561861117,0.38461538461538464,0.38461538461538464,19.55076923076923,0.6153846153846154,0.10107515489641784,114.14769230769232,0.21538461538461545,0.7078808143060739,123.54153846153844,-0.5738461538461539,0.27668335236968045,-0.21461538461538462,0.0956743613220084,0.9784615384615385,0.2389013645365234,20.479315384615383,1.6494551149052599,0.3107692307692307,1.0,2.0,0.3893846153846154,0.07851378526431062,0.16068729230769221,0.5275190361538461,0.09556775600081324,-1.93,-0.8592307692307692,0.3403584847452162
peptide_pv_51,GCASRCKAKCAGRRCKGWASASFRGRCYCKCFRC,-0.3155882352941177,0.16218212217954872,-0.41764705882352937,0.23191986646546428,5.600291176470587,6.280014705882354,7.3352352941176475,5.772820588235295,5.537208823529413,6.396450000000001,1.5853676470588236,2.134408823529411,2.001176470588235,0.09575286700629856,0.0,-0.10264705882352942,0.0758693342400255,0.5143529411764706,0.01709461378810331,0.27058823529411763,0.27058823529411763,18.15352941176471,0.5513235294117647,0.056386258643888625,82.5314705882353,0.28529411764705886,0.3233690164055596,74.0664705882353,-0.05588235294117652,0.1312133506018458,0.037058823529411755,0.06894632918241529,1.0164705882352942,0.044545790574438276,17.690199999999997,0.9907343486770308,-0.22176470588235303,1.0,2.0,0.4054705882352941,0.05164967006525546,-1.462712111764706,0.48746905294117643,0.061001529325515266,-8.611176470588234,-0.7685294117647059,0.30713748618249825
peptide_pv_52,LLGDEFRKSKEKIGKEFKRIVQRIKDFLRNLVPRTES,-0.34648648648648656,0.5724995763966284,-0.8945945945945944,1.6782147104996716,10.968962162162164,3.99254864864865,4.059791891891892,10.400254054054056,3.2953567567567563,3.849051351351351,2.6932324324324326,0.3959351351351352,2.2067567567567568,0.1595079723568006,1.0,-0.08567567567567569,0.45769879321538787,0.6747837837837838,0.06122779789721296,0.13513513513513514,0.13513513513513514,19.91351351351351,0.671135135135135,0.11647133916703586,101.94621621621623,0.7702702702702704,1.0108194477711736,87.56324324324324,-0.4581081081081081,0.545297949091142,-0.1210810810810811,0.5537347199910723,1.0656756756756756,0.05497031340875263,19.287502702702703,1.3434389299395801,-0.08027027027027023,1.0,1.0,0.5067837837837839,0.17875470678409217,0.8638105324324324,0.4234340147297297,0.027994018991792213,1.977567567567568,-0.9827027027027027,1.088973336220921
peptide_pv_53,GALRGCWTKSYPPKPCK,-0.14941176470588236,0.08127290863049665,-0.8764705882352941,0.4293757088087836,5.567882352941177,6.103682352941178,5.564758823529412,5.665735294117648,4.813935294117648,4.381441176470588,1.760994117647058,2.020264705882353,1.7747058823529414,0.08068991856209107,1.0,-0.16764705882352943,0.13805126791509859,0.6036470588235294,0.06864196956555425,0.22352941176470587,0.22352941176470587,19.09294117647059,0.6273529411764707,0.09796823039844102,81.62058823529412,0.11176470588235296,0.20243745258993956,90.60411764705883,-0.25,0.17687453813182874,-0.12117647058823533,0.15237574325070133,0.9111764705882354,0.1383783854592231,18.017264705882354,1.675869311205252,-0.20705882352941177,1.0,2.0,0.4102941176470588,0.040282394559585585,-1.3137239352941177,0.4279332234705882,0.07040602205346311,-12.738235294117647,-0.8752941176470588,0.20483106888863817
peptide_pv_54,KWKSFLKTFKSAKKTVLHTALKAISS,-0.034615384615384596,0.4006561814688358,-0.21538461538461545,1.1422817075444487,8.87618846153846,3.0293615384615387,3.2379576923076923,7.651542307692309,3.169788461538462,2.6212615384615385,2.3204923076923065,0.5195423076923077,2.090384615384615,0.14262268780066795,1.0,0.11307692307692309,0.3614852808950959,0.6807692307692309,0.08299861732990416,0.27307692307692305,0.3076923076923077,18.81846153846154,0.5031538461538462,0.1197485862435515,97.07038461538461,0.0730769230769231,0.6978414610374284,98.26999999999998,-0.31346153846153846,0.4067285296368517,0.10192307692307687,0.37920500036950994,1.0903846153846153,0.03864936177088329,19.677957692307693,0.5328471104185639,-0.22153846153846152,1.0,2.0,0.43019230769230776,0.12451517377203107,1.0099605384615387,0.3915245346153846,0.056166828048466816,-5.194230769230769,-0.5084615384615384,0.7374761672237096
peptide_pv_55,KWKSFLKTFKSAKKKVLHKALKAISK,-0.1969230769230769,0.4577138648681778,-0.5807692307692309,1.299384695957002,9.593973076923074,2.820561538461539,4.212338461538462,7.993665384615387,2.851580769230769,3.1893000000000002,2.3383769230769222,0.5010576923076923,2.1034615384615383,0.15234805718228098,1.0,0.017307692307692305,0.4233175359850183,0.6936923076923077,0.07449401599325839,0.38846153846153847,0.4230769230769231,18.236923076923077,0.5063461538461539,0.12089355645515669,105.09538461538462,0.43846153846153846,0.8121377612359677,104.78692307692307,-0.581923076923077,0.47562579758783546,-0.01576923076923082,0.42807212760518654,1.1376923076923076,0.019358662796326694,19.44180769230769,0.32323713073856797,-0.10846153846153853,1.0,2.0,0.4657692307692309,0.14510102113633203,1.0552924615384616,0.4236285697692308,0.03077257795652104,-2.1811538461538453,-0.8626923076923076,0.8686668435805482
peptide_pv_56,LLKWLKKLLKK,-0.10818181818181814,0.8123989984265184,-0.12727272727272732,2.418577942586456,13.697363636363635,2.5970454545454547,4.983863636363637,12.438372727272728,2.5394636363636374,3.8590090909090904,2.3205545454545446,0.5942363636363635,2.0090909090909093,0.16220626985600053,1.0,0.5972727272727273,1.0418961543004757,0.845,0.10616538549030562,0.45454545454545453,0.45454545454545453,19.895454545454545,0.45836363636363636,0.1287466778136169,128.01636363636365,0.23636363636363633,1.5184649879160899,133.54909090909086,-0.6418181818181818,1.0180354680009664,0.12363636363636354,0.7862348957614103,1.2400000000000002,0.030863390250573643,19.95886363636364,1.0480631385998938,0.13272727272727272,1.0,2.0,0.3647272727272728,0.24434198101791862,-0.4140027272727275,0.5191629436363635,0.060315106450167306,4.71,-0.6063636363636363,1.647842235439129
peptide_pv_57,WLKKLLKKLLK,-0.10818181818181814,0.7908628618984554,-0.12727272727272734,2.3810149121041237,13.697363636363638,2.5970454545454547,4.983863636363637,12.438372727272728,2.5394636363636374,3.859009090909091,2.3205545454545446,0.5942363636363635,2.009090909090909,0.1991386702674939,1.0,0.5972727272727272,1.0136364872773034,0.845,0.08396759312615093,0.45454545454545453,0.45454545454545453,19.895454545454545,0.45836363636363636,0.13298626983052253,128.01636363636365,0.23636363636363633,1.4634767975152827,133.54909090909086,-0.6418181818181817,1.0014754073424275,0.12363636363636354,0.7706252395600153,1.2400000000000002,0.009817127886889937,19.95886363636364,0.8915812952622818,0.13272727272727272,1.0,2.0,0.3647272727272728,0.24491665975325308,-0.41400272727272736,0.5191629436363635,0.06342407485256495,4.709999999999999,-0.6063636363636363,1.6103609749220864
peptide_pv_58,LKLKSIVSWAKAVL,0.2921428571428572,0.3155813347627264,0.9785714285714285,1.0038459033242453,10.093314285714287,3.5280928571428567,2.731257142857143,9.27034285714286,3.782614285714285,2.617214285714286,1.8645071428571427,0.6628142857142859,2.0592857142857146,0.060143879834621036,1.0,0.41428571428571426,0.24124720104976816,0.7501428571428569,0.10212377559734691,0.21428571428571427,0.21428571428571427,18.842857142857145,0.4792142857142857,0.05365649667887306,98.18285714285716,-0.35714285714285715,0.5562843157922551,107.98999999999998,0.03000000000000005,0.32679713994467635,0.5,0.3388030678637825,1.1135714285714287,0.033319194551380146,19.240614285714287,1.154424625403632,-0.36500000000000005,1.0,1.0,0.3262142857142857,0.08403151894202351,1.1061500714285712,0.38799502871428565,0.041063974881236365,-5.072142857142857,0.08571428571428574,0.5520743796098502
peptide_pv_59,KWKSFLRTFKSPVRTVFHTALKPISS,-0.04615384615384613,0.5236779258388682,-0.25,1.3373960105845035,9.231780769230769,3.3881884615384616,3.42735,8.445488461538462,3.498553846153847,3.1299538461538465,2.4241999999999995,0.6760307692307694,1.9288461538461539,0.1673044212222129,1.0,0.06615384615384616,0.35588622713944085,0.7087692307692308,0.10262684944516404,0.23461538461538461,0.2692307692307692,19.541153846153847,0.5480384615384616,0.1362864829042953,96.80846153846151,-0.08846153846153847,0.8174302880721899,101.14,-0.20192307692307693,0.42450588414463447,0.09115384615384613,0.44350048890892774,0.9892307692307691,0.05022667031049721,20.371399999999998,0.7955412413466323,-0.06961538461538463,1.0,2.0,0.397423076923077,0.144162560371311,1.0332875692307693,0.4160954257692308,0.05474359930644236,-5.906923076923078,-0.3846153846153845,0.7876500098637174
peptide_pv_60,GWGSFFKKAAHVGKHVGKAALTHYL,0.19360000000000008,0.3620779141771523,-0.06800000000000005,0.8464759092673486,7.8711079999999995,7.5183480000000005,2.0875440000000003,6.9490039999999995,6.170431999999998,1.660084,3.0496919999999994,0.609,2.2388,0.07445579607994494,1.0,0.023599999999999975,0.19602861327219606,0.58892,0.016283138481500103,0.17200000000000004,0.28,18.2212,0.45996000000000004,0.0744627445381674,86.7072,-0.35600000000000004,0.6638155342297297,93.2864,0.029999999999999978,0.40693692785703933,0.1476,0.28303226460060305,1.0356,0.0310418364458211,16.8884,1.2427786699892218,-0.21280000000000004,1.0,1.0,0.41324,0.09079056240353622,0.07730964,0.36075241008,0.006226598254276062,-9.0452,-0.22839999999999996,0.6643420914129927
peptide_pv_61,FVDLKKIANIINSIF,0.3453333333333333,0.47719484666258244,0.9533333333333334,1.4679921860556275,13.734900000000005,2.482619999999999,2.287073333333333,11.458333333333336,2.825573333333333,2.567073333333334,1.3156666666666665,0.6548666666666667,2.095333333333333,0.08304474866042841,1.0,0.23533333333333328,0.4980680258474314,0.7549333333333333,0.09305593583093676,0.06666666666666667,0.06666666666666667,21.307999999999996,0.5446000000000001,0.10897771280742662,99.61466666666668,-0.42,0.7132344777596055,107.02400000000002,0.162,0.47233724676873584,0.49800000000000005,0.49038350177842754,1.0426666666666669,0.08967441309177891,20.818733333333334,0.8359997337641941,-0.2826666666666667,1.0,1.0,0.36699999999999994,0.14009282738109802,1.0351922000000002,0.4028685634000001,0.053124740078310514,1.6826666666666665,0.10266666666666663,0.8359900459688344
peptide_pv_62,SWLRDLWDWICELLSDFK,0.10666666666666666,0.6065609636725323,-0.09444444444444446,1.757254806537349,14.200800000000003,3.738861111111111,3.5214499999999997,13.900027777777778,4.159466666666668,3.3343555555555553,4.224711111111111,1.1474444444444447,2.177222222222222,0.2837462015069042,1.0,0.30611111111111106,0.696447008765454,0.7346666666666667,0.16427633233678704,-0.11666666666666667,-0.11666666666666667,21.657777777777778,0.5047222222222222,0.17509403634790105,108.84555555555555,-0.22777777777777786,1.2621504413195612,103.65722222222223,0.0922222222222222,0.4407190086498756,0.1322222222222222,0.5809665682427378,1.095,0.04447168673708137,21.54308888888889,0.6227360558675527,-0.15666666666666665,1.0,2.0,0.3772777777777778,0.22928925269786093,1.1201095833333337,0.5236173158888889,0.07069587760546978,9.972222222222221,-0.23777777777777775,1.2298281620050688
peptide_pv_63,KILRGVSKKIMRTFLRRILTGKK,-0.2773913043478261,0.47318262814484774,-0.291304347826087,1.16081245968351,10.366847826086957,5.391656521739131,4.745908695652175,9.739769565217392,4.235117391304348,4.488682608695653,1.8665521739130435,0.23124347826086958,2.1047826086956523,0.1420975959575237,1.0,0.15913043478260863,0.31258445530877443,0.6933043478260869,0.018011482239284848,0.391304347826087,0.391304347826087,19.65434782608696,0.6394347826086957,0.08835081150321884,105.93782608695653,0.4521739130434782,0.7852907447183802,98.76739130434785,-0.4100000000000001,0.5532165807974047,0.08347826086956518,0.3746324388691318,1.036086956521739,0.11530832705168724,18.642621739130433,0.6594701078620303,-0.049130434782608694,1.0,1.0,0.41482608695652173,0.12422493523618161,-0.17328133478260882,0.4293031004782608,0.050130480176714245,-3.4826086956521736,-0.5617391304347826,0.8095333600656124
peptide_pv_64,ILGKLLSTAAKLLSKL,0.30062500000000003,0.5800511285446003,1.03125,1.8505144610891684,10.172456250000003,3.7218374999999995,2.44488125,9.81745,3.112487499999999,2.474625,1.0739812499999999,0.57323125,2.01,0.13642873432077213,1.0,0.7337499999999999,0.8596993782399807,0.6965,0.21517542243969098,0.1875,0.1875,20.609375,0.5235,0.13263343615652298,90.62375,-0.27499999999999997,1.008053539932795,102.065625,0.05687500000000001,0.6578252710697495,0.5062499999999999,0.6103517970757157,1.1287500000000001,0.1779876052236805,17.722975,3.319217817726091,-0.47125000000000006,1.0,1.0,0.326375,0.1696627182843729,-1.012406,0.33505760631250003,0.09662750929160438,-9.848749999999997,0.10625000000000001,1.1210316402176332
peptide_pv_65,FVPWFSKFLGRIL,0.42538461538461547,0.6220282111729998,0.9692307692307691,1.9798292388551533,14.14665384615385,5.402846153846155,2.542830769230769,12.40126923076923,4.992338461538461,2.826353846153846,1.8806153846153844,0.7599076923076924,1.8176923076923077,0.19211864340056667,1.0,0.4969230769230769,0.6076425473026463,0.7703076923076922,0.1943328819898546,0.15384615384615385,0.15384615384615385,21.50769230769231,0.4776923076923077,0.16052904331792325,106.69692307692308,-0.8846153846153849,1.044611361652763,126.8776923076923,0.2530769230769231,0.5948461065580247,0.4938461538461538,0.6720169541455306,0.9823076923076924,0.16510529717159905,19.68976923076923,4.0201419734715,0.1715384615384615,1.0,1.0,0.24876923076923077,0.1354166859789794,1.5384177615384613,0.48201269692307697,0.16405207244704959,-2.3592307692307704,0.4884615384615385,1.1307684309589676
peptide_pv_66,MQFITDLIKKAVDFFKGLFGNK,0.16545454545454544,0.44204987365831694,0.209090909090909,1.5746227502410426,12.24912272727273,4.4868272727272736,2.791622727272727,10.318750000000001,3.741490909090908,2.4842863636363646,1.6226454545454543,0.4873045454545455,2.2081818181818185,0.22898495707393127,1.0,0.24681818181818177,0.552501024065175,0.6851363636363635,0.14079526007185195,0.09090909090909091,0.09090909090909091,20.950909090909093,0.5152272727272726,0.13690103814452237,98.77681818181819,-0.11363636363636359,0.8527651217096834,103.4577272727273,-0.06181818181818182,0.39578045077785917,0.24363636363636362,0.5282575213621317,1.0727272727272728,0.07317886980819882,19.106254545454544,1.9097644582287017,-0.1609090909090909,1.0,1.0,0.40845454545454546,0.1690868559277843,1.0742219499999999,0.4089199067727272,0.061673597647517786,0.5595454545454555,-0.26363636363636367,0.9702432245975651
peptide_pv_67,FLSSIGKILGNLL,0.5169230769230769,0.5844341256101282,1.323076923076923,1.962716244125456,13.070846153846155,6.034000000000002,1.3508384615384617,11.978615384615383,4.2448384615384605,2.002930769230769,0.9636923076923074,0.5551384615384615,2.0507692307692307,0.09450850843918235,1.0,0.6607692307692308,0.8044080524830309,0.6663076923076924,0.25033681770895105,0.07692307692307693,0.07692307692307693,22.353846153846156,0.5899230769230768,0.09348897846899765,87.96000000000001,-0.7307692307692307,0.9485440884292115,100.90769230769229,0.3861538461538462,0.5354965328655419,0.6046153846153846,0.6632986058562529,1.0076923076923079,0.18205665570411747,17.429807692307694,4.2814555159422945,-0.4092307692307694,0.0,1.0,0.2924615384615385,0.17005986271361542,-1.0864732307692309,0.34117093815384614,0.11741872063003386,-8.3,0.5138461538461538,1.0836989965194084
peptide_pv_68,ILPLKWPWWPWRR,0.053846153846153925,0.29016973538617186,-0.7076923076923076,0.5530746599356519,13.399646153846154,5.788176923076922,4.178246153846153,12.776846153846154,6.306007692307692,3.8164307692307693,4.6682384615384604,1.8265461538461538,1.5546153846153847,0.5456259005851147,1.0,0.18153846153846145,0.1138670073449916,0.8557692307692307,0.0749630538685471,0.23076923076923078,0.23076923076923078,20.03384615384616,0.5129230769230769,0.05509367658570556,121.05538461538464,-0.7692307692307693,0.3346084245490102,135.37692307692308,-0.11384615384615387,0.24068977232134683,-0.06692307692307703,0.1784897311326558,0.9415384615384614,0.20599164643336912,21.590376923076924,2.2583689792053665,0.5169230769230772,1.0,2.0,0.27738461538461534,0.06919996626259027,1.2120472923076921,0.6043516792307693,0.12332090464255772,2.2653846153846158,-0.0915384615384615,0.32685411899321
peptide_pv_69,KNWKGIAGMAKKLLGKNWKLM,-0.013333333333333308,0.43466233951686206,-0.4809523809523809,1.2376458748633326,10.188857142857145,6.719242857142859,3.170395238095238,8.911609523809526,5.2106619047619045,2.4378571428571436,2.4512952380952377,0.8921619047619048,2.2057142857142855,0.13196390296321153,1.0,0.21285714285714286,0.5535639307165673,0.6337142857142857,0.1158117939149133,0.2857142857142857,0.2857142857142857,19.237619047619045,0.5099523809523809,0.15914782306690395,98.78190476190477,0.03809523809523808,1.0303352749798638,99.34285714285713,-0.29047619047619044,0.5800441039697324,0.011904761904761852,0.40721026834480917,1.106190476190476,0.07726117985829568,17.34839523809524,2.8222088047725915,-0.1823809523809524,1.0,1.0,0.43147619047619046,0.13404483107819484,0.1221034476190473,0.4077345961904763,0.043601475524162076,-2.7890476190476194,-0.500952380952381,0.9755257935430677
peptide_pv_70,HFLKTLVNLAKKIL,0.21357142857142858,0.6730624860299098,0.6714285714285714,2.2236036047111924,11.614650000000003,2.4008785714285708,2.875264285714285,10.334142857142856,2.8160071428571425,2.618828571428572,2.081235714285714,0.5723785714285714,2.0764285714285715,0.16303096281477367,1.0,0.5042857142857142,0.7970777066422274,0.7884999999999999,0.10102265214401665,0.22142857142857145,0.2857142857142857,20.166428571428572,0.4256428571428571,0.0683102919980191,106.00785714285715,-0.3714285714285714,0.9999003149267927,115.7142857142857,-0.050714285714285705,0.7043124812826022,0.3921428571428572,0.7374261056893898,1.147857142857143,0.05618071866518642,20.241621428571428,1.2218406642838908,-0.10142857142857147,1.0,1.0,0.3517857142857143,0.20507191138843492,-0.32032528571428603,0.4207618151428571,0.029686810663970796,-1.1357142857142861,-0.04928571428571433,1.2794743027142086
peptide_pv_71,GLLDFVTGVGKDIFAQLIKQI,0.3623809523809524,0.37303498008058344,0.8095238095238096,1.3296537654757097,11.55234761904762,6.117776190476191,2.166323809523809,10.043147619047621,4.71022380952381,2.3058761904761904,1.4287238095238095,0.36003809523809516,2.282380952380952,0.17908345231804135,1.0,0.27333333333333326,0.43209336246244867,0.6799999999999999,0.1408571563344254,0.0,0.0,20.672380952380944,0.5854285714285714,0.06169223870997829,89.94904761904762,-0.34761904761904755,0.7948152604211187,95.3,0.20714285714285716,0.3710112954028399,0.4423809523809523,0.4435120212847449,1.0304761904761903,0.05803464973922341,17.88634285714286,1.7223498964404764,-0.36761904761904757,1.0,1.0,0.36966666666666664,0.14673780485759702,0.39957439999999994,0.35449486638095234,0.0451396464398805,-3.966190476190475,0.0285714285714286,0.8391692523320183
peptide_pv_72,FHPSLWVLIPQYIQLIRKILKSG,0.2665217391304348,0.4920466127018811,0.44782608695652176,1.421378880792942,11.321186956521741,3.992921739130435,2.4671347826086953,10.435743478260871,3.5651260869565213,2.739817391304348,2.1940608695652175,0.7960521739130435,1.9873913043478262,0.1787190093409215,1.0,0.30043478260869566,0.44872886067657525,0.7604782608695652,0.07217224246547078,0.13478260869565217,0.17391304347826086,20.523478260869567,0.5798260869565217,0.052936882244160655,102.14608695652173,-0.6347826086956521,0.7839503712915866,110.17739130434784,0.09608695652173913,0.503929844527214,0.32043478260869557,0.4780540269754653,1.0082608695652175,0.07266685206302993,19.97374347826087,0.8962833659954208,0.05304347826086958,1.0,1.0,0.3128695652173913,0.11271467568011061,-0.6183939869565215,0.43843220639130426,0.05110634011537034,-2.5760869565217384,0.08173913043478262,0.9217534065403895
peptide_pv_73,ILGKLLSWAAGLLSNL,0.5231250000000001,0.4140071646866523,1.2624999999999997,1.6259025096407114,11.480343750000005,5.95998125,1.1848125,11.15894375,4.880924999999999,1.7186687499999997,1.5275249999999998,0.8802562500000001,2.02625,0.14628292089028086,0.0,0.7856249999999999,0.8215632259017683,0.6646875,0.247143817869929,0.0625,0.0625,21.122500000000002,0.5053749999999999,0.13793919718481978,85.975625,-0.825,0.7089141387458633,99.21375,0.40375,0.36126703535574606,0.5787499999999999,0.5394589565169015,1.076875,0.21209628189159746,17.020243750000002,3.832305849220356,-0.463125,0.0,1.0,0.28625,0.14595676462981216,-1.1178485,0.33643898425,0.1308529403886949,-9.655625,0.54125,0.8160981400644663
peptide_pv_74,GLMDTVKNAAKNLAGQMLDKLKCKITGSC,0.0024137931034482973,0.23434877927100656,-0.07931034482758617,0.9812737475276511,7.7023,4.794320689655174,3.748406896551724,7.30883448275862,3.7873758620689655,3.108044827586207,1.6210103448275863,1.1156413793103448,2.2520689655172417,0.12493422948127088,0.0,0.19965517241379308,0.4645052621185241,0.5984827586206896,0.07825670248017133,0.09655172413793103,0.09655172413793103,19.741724137931037,0.5459655172413793,0.10939523309403641,82.08689655172414,0.15517241379310348,0.3803255664439476,79.90344827586208,-0.07068965517241375,0.1511880415201496,0.1434482758620689,0.3265245837729983,1.0879310344827586,0.09236193124855495,17.971579310344826,0.6259121782581272,-0.5382758620689656,1.0,1.0,0.4465172413793104,0.11153650360466416,-0.7271632137931036,0.3535192196206896,0.02650378506359108,-6.031724137931035,-0.5727586206896551,0.5637335887114244
peptide_pv_75,FLSIIAKVLGSLF,0.6799999999999999,0.5011610748018877,2.0076923076923077,1.6653847596533211,12.959307692307693,4.433292307692308,1.3599692307692308,11.420976923076925,3.884653846153846,2.035538461538461,0.849876923076923,0.44996153846153847,1.9776923076923074,0.04199440439462587,1.0,0.7415384615384613,0.6909520963080967,0.7305384615384616,0.24295631449352625,0.07692307692307693,0.07692307692307693,21.686923076923076,0.49053846153846153,0.10642369840392647,93.23923076923076,-0.9538461538461539,0.9095700750568618,114.61538461538463,0.5053846153846153,0.4607982306067582,0.8384615384615384,0.5653147058730098,1.046923076923077,0.17917503444546815,18.58476153846154,3.7472220792202453,-0.3192307692307693,1.0,1.0,0.23261538461538464,0.14127253943351004,0.705633076923077,0.37170142346153845,0.11227694594399856,-7.116153846153846,0.806923076923077,0.9535570662549546
peptide_pv_76,FLAGLIGGLAKMLGK,0.5199999999999999,0.4040477214029173,1.2400000000000004,1.6079620239182106,10.42514,8.913953333333335,1.6912333333333334,9.45,6.12322,1.7858399999999999,0.93356,0.5589733333333332,2.132,0.2578611768672142,0.0,0.7220000000000001,0.8031230769009675,0.584,0.21099202462977043,0.13333333333333333,0.13333333333333333,20.994000000000003,0.5195333333333333,0.16736912357326064,81.208,-0.5200000000000001,0.8407828627131627,100.13999999999997,0.3346666666666668,0.44074337998683577,0.5773333333333334,0.5231017124392588,1.0660000000000003,0.12441294752293344,14.307913333333337,3.8638685793359495,-0.4746666666666667,0.0,1.0,0.30446666666666666,0.1828664561982803,-0.8050534866666669,0.30798651926666665,0.11150688490442155,-13.564666666666666,0.38066666666666676,0.9467933828246248
peptide_pv_77,KLLKWLKKLLK,-0.10818181818181814,0.854700335883752,-0.12727272727272734,2.5198273867650984,13.697363636363638,2.597045454545454,4.983863636363637,12.438372727272728,2.539463636363637,3.859009090909091,2.320554545454545,0.5942363636363635,2.009090909090909,0.21740826609846178,1.0,0.5972727272727272,1.067649142059067,0.845,0.08593419430374621,0.45454545454545453,0.45454545454545453,19.895454545454545,0.45836363636363636,0.1500124536174811,128.01636363636365,0.23636363636363633,1.607640033523326,133.54909090909086,-0.6418181818181817,1.0857664997472967,0.12363636363636354,0.8148064569380611,1.2400000000000002,0.021506337060335643,19.95886363636364,0.702317100767599,0.13272727272727272,1.0,2.0,0.3647272727272728,0.2665470180929531,-0.4140027272727276,0.5191629436363635,0.05813112730076313,4.71,-0.6063636363636363,1.7460505411804668
peptide_pv_78,LRLEYRRFEYRV,-0.5383333333333334,0.4032280705654921,-1.0833333333333337,0.8754153259481446,10.214108333333334,3.8902750000000004,4.260983333333333,11.913525000000002,4.262966666666666,4.77745,3.031475,0.5298666666666666,2.11,0.26148524462091244,1.0,0.04333333333333328,0.18347612529323423,0.7469166666666668,0.10663839410864916,0.16666666666666666,0.16666666666666666,19.385,0.6249166666666667,0.03512599437530491,123.06166666666668,0.48333333333333334,0.43117435316840896,97.24,-0.5041666666666668,0.30241115188929746,-0.18666666666666673,0.3058407517051842,1.0616666666666668,0.12727334101957882,20.71294166666667,2.288154379886335,0.5733333333333334,1.0,2.0,0.4226666666666667,0.01415930917546916,-0.3900512833333338,0.5586252841666667,0.025833505445168093,8.68,-0.6683333333333333,0.377921311617291
peptide_pv_79,IWRIFRRIFRIF,0.0008333333333332601,1.1557880549770263,0.6249999999999999,2.6432632534228184,17.267808333333335,4.590308333333334,4.408999999999999,15.210400000000002,5.315499999999999,5.367941666666668,2.6142666666666665,0.33894166666666675,1.8425,0.13402788003308894,1.0,0.3358333333333334,0.5444544747350518,0.8348333333333332,0.18271963987661158,0.3333333333333333,0.3333333333333333,21.344166666666666,0.5556666666666666,0.18843424558787078,132.71083333333334,-0.5083333333333333,1.6156595317880174,130.58666666666667,0.06666666666666662,0.8717595470794826,0.39666666666666667,0.8954275102304609,0.9933333333333333,0.11338130437998033,21.866824999999995,3.255087040424721,0.6833333333333332,1.0,2.0,0.2570833333333333,0.17393461445199168,1.603770216666667,0.6144878125000001,0.08744590643058757,8.627500000000001,0.42250000000000004,1.4194071264044343
peptide_pv_80,KWKSFLKTFKSLKKTVLHTALKAISS,-0.016153846153846137,0.40979745892855174,-0.13846153846153852,1.1720515397372575,9.551234615384613,2.9550538461538456,3.2745846153846143,8.35388076923077,3.027773076923078,2.692803846153846,2.339676923076922,0.48168076923076925,2.0846153846153843,0.14184847876313586,1.0,0.1769230769230769,0.370122556874436,0.7016153846153848,0.08395410240173334,0.27307692307692305,0.3076923076923077,19.23038461538462,0.5047692307692307,0.11935255571184444,100.02423076923077,0.023076923076923075,0.7270369307960312,101.78923076923076,-0.3026923076923077,0.413951384197649,0.1261538461538461,0.38886761463275044,1.0907692307692307,0.03848845822852586,19.934665384615382,0.7717134237931084,-0.18423076923076925,1.0,2.0,0.4150000000000001,0.12772120547260954,0.8225895384615386,0.4045831900384616,0.05189516982905317,-4.116538461538462,-0.45307692307692304,0.7658846984006117
peptide_pv_81,TCYCRRRFCVCVGR,-0.33928571428571425,0.2847807846606332,0.0571428571428572,0.7605568204574865,5.830285714285714,5.866935714285715,8.653057142857143,6.7732285714285725,5.789142857142856,7.963721428571428,1.465157142857143,2.218292857142857,1.977857142857143,0.1404021699936172,1.0,-0.09000000000000001,0.1916362846199184,0.6395714285714286,0.031989341924772006,0.2571428571428571,0.2571428571428571,18.58214285714286,0.5385000000000001,0.11215901738671048,95.43214285714286,-0.014285714285714235,0.35577775372067094,84.1257142857143,0.09571428571428565,0.29548288363789565,0.19928571428571434,0.24970369290521122,0.9478571428571428,0.025781123376467603,20.296050000000005,1.0916655849536443,0.05142857142857138,1.0,2.0,0.319,0.05647087565763681,-1.8439411428571433,0.5869806187142858,0.02996732123538005,-3.4364285714285714,-0.4714285714285714,0.2956305997838096
peptide_pv_82,FLPVLAGIAAKVVPALFCKITKKC,0.3970833333333334,0.26688748221204167,1.2874999999999999,0.9432096988007026,8.512620833333333,3.660937500000001,3.9991958333333333,7.243945833333334,3.7978916666666667,3.491429166666667,0.7718625,1.354825,1.865,0.20256322708800356,0.0,0.37875,0.38584663363970234,0.7287083333333334,0.11360183671023104,0.15833333333333333,0.15833333333333333,19.486666666666668,0.4583333333333333,0.05450897053212277,87.26875000000001,-0.45416666666666666,0.47618570131891236,110.52291666666666,0.21916666666666665,0.325749585603843,0.6041666666666666,0.31913159779020456,1.0595833333333333,0.1399228905451286,18.78141666666667,1.598313923483368,-0.36874999999999997,1.0,1.0,0.29725,0.06344657907122166,0.5475731749999998,0.3937906575416667,0.043106551169621775,-10.21,0.0595833333333334,0.5560429055988504
peptide_pv_83,CGESCVWIPCLTSAIGCSCKSKVCYRNGIP,0.16066666666666668,0.06371014185531737,0.4233333333333333,0.24791299961354804,6.569396666666666,5.499586666666667,5.2094033333333325,6.342203333333334,4.588523333333333,4.6220500000000015,1.5983666666666667,2.0895900000000003,1.993333333333333,0.04382957965852664,0.0,-0.033666666666666664,0.16593155062684825,0.6012666666666667,0.09245814588804523,0.04666666666666666,0.04666666666666666,19.794,0.593,0.047287276274334114,76.77266666666667,-0.31333333333333335,0.16636245770654015,81.79666666666665,0.296,0.028902659634095062,0.31466666666666665,0.08841289067046716,0.9423333333333332,0.048708089578745326,19.006903333333334,1.6972790435726435,-0.46866666666666673,1.0,1.0,0.34316666666666673,0.03465722840229853,-0.9668655166666666,0.43388196563333337,0.03988070658843305,-9.327333333333335,-0.2883333333333334,0.2697350587052219
peptide_pv_84,ALWFTMLKKLGTMALHAGKAALGAAANTISQGTQ,0.27382352941176474,0.2980270246355756,0.38235294117647056,0.8624609975285392,7.167626470588235,5.703891176470589,1.4655735294117644,6.537667647058824,4.978770588235293,1.4580382352941177,1.8540852941176464,0.8051500000000001,2.1802941176470587,0.17136837716892064,0.0,0.4291176470588235,0.2576184806140884,0.5914411764705881,0.01859186387409939,0.0911764705882353,0.11764705882352941,19.095882352941175,0.4669411764705882,0.08167989932435304,78.76558823529412,-0.4558823529411765,0.3935494494779367,84.06529411764706,0.16764705882352937,0.3091450360441497,0.29264705882352937,0.27963604322570684,1.1023529411764708,0.06746935483603445,16.842032352941175,1.8147283093622708,-0.40588235294117647,1.0,1.0,0.38632352941176473,0.09856062514924158,-0.19369468235294124,0.3080731939411765,0.02099434789424931,-11.68,0.021470588235294057,0.5317534975298548
peptide_pv_85,FRFGSFLKKVWKSKLAKKLRSKGKQLLKDYANKVLNGPEEEAAAPAE,-0.16893617021276597,0.07072457027880229,-0.7361702127659576,0.31039719334235677,8.942585106382984,4.160868085106382,3.238787234042554,8.324078723404254,3.6005957446808505,2.7609829787234053,2.2075808510638297,0.7967574468085107,2.127872340425532,0.18230895706821298,1.0,-0.0029787234042553787,0.07488869465541735,0.6347872340425532,0.009715316463680306,0.14893617021276595,0.14893617021276595,18.91659574468085,0.5824255319148935,0.022151742914156208,92.5808510638298,0.4787234042553192,0.11070317731875545,88.15042553191489,-0.39723404255319145,0.07686904368555347,-0.07319148936170214,0.10427152114387177,1.0968085106382979,0.051891983199550705,18.065865957446807,0.7247171668434067,-0.2002127659574468,1.0,1.0,0.4916808510638298,0.046244144611445374,0.7160734255319149,0.37933173576595763,0.015727087398797232,-3.6131914893617014,-0.8648936170212763,0.17294449994431335
peptide_pv_86,RRRRRRAAFAAWAAFAA,-0.40176470588235297,0.1452483191368546,-0.46470588235294136,0.3906847671448895,7.104758823529414,4.63224117647059,4.246699999999999,7.613505882352941,6.094705882352941,4.645605882352941,2.1373058823529405,0.9994294117647058,1.8611764705882354,0.1058743947148357,1.0,0.2064705882352941,0.05155996371833725,0.5832941176470587,0.08472594627127539,0.35294117647058826,0.35294117647058826,16.482352941176472,0.4631764705882353,0.05054276462449027,92.56647058823529,0.32941176470588235,0.21648688147399778,81.82235294117646,-0.2205882352941177,0.11436158355054389,0.02470588235294117,0.11990315686440317,1.1300000000000001,0.04936903513998095,17.157382352941173,2.2532620571399793,0.06764705882352946,1.0,1.0,0.43776470588235283,0.0388243565558302,0.8404632588235295,0.40941342447058826,0.1173448497083679,-8.852941176470589,-0.4052941176470588,0.1390495621478045
peptide_pv_87,GVWTTILGGLKKFAKGGLEALTNPK,0.2,0.3939754513577872,0.044000000000000004,1.179250230512541,8.998484000000001,8.087956,2.3583840000000005,7.898143999999999,5.975319999999999,2.0023480000000005,1.8142959999999997,0.6969560000000001,2.1324,0.21378838594041263,1.0,0.14920000000000003,0.47848444293155734,0.61088,0.12447784679800851,0.12,0.12,19.8228,0.59,0.1151912479077343,82.55279999999999,-0.13599999999999998,0.7498787540529489,90.10000000000002,-0.01320000000000002,0.42715536631738077,0.18280000000000002,0.3909624511894679,0.9904000000000001,0.08883740471599035,16.274336,1.714858125796721,-0.402,1.0,1.0,0.40935999999999995,0.1402171689879864,0.1652685200000002,0.32644251108,0.06951774136862024,-11.6108,-0.2692,0.7528680849045845
peptide_pv_88,MGIIAGIIKVIKSLIEQFTGK,0.3895238095238095,0.4029674089819476,0.9571428571428574,1.526640205161409,11.025119047619048,6.131576190476191,2.0384190476190476,9.007457142857145,4.469209523809523,2.261547619047619,1.5870333333333333,0.28451904761904767,2.248095238095238,0.2637565186885175,1.0,0.23,0.4302128228613896,0.6727142857142857,0.17131245219389865,0.09523809523809523,0.09523809523809523,20.561904761904763,0.627047619047619,0.1184325340538763,91.69761904761904,-0.30000000000000004,0.7858220335028049,98.12000000000002,0.19380952380952382,0.3668840920190976,0.4995238095238094,0.507945300882694,1.0276190476190477,0.038525894670456036,17.810261904761905,2.8428370546752704,-0.35047619047619055,1.0,1.0,0.3503333333333333,0.17416356186844825,0.8506915190476191,0.35626392566666665,0.07759264539584416,-5.463333333333334,0.11047619047619049,0.8736211827696385
peptide_pv_89,KWKSFLKTFKSAKKKVLHKALKAISS,-0.1461538461538461,0.43381875936576236,-0.4615384615384617,1.237072379931885,9.431511538461537,2.8462846153846155,3.845619230769231,8.011665384615386,2.86515,3.0017,2.3272999999999993,0.514626923076923,2.098076923076923,0.1481429509746111,1.0,0.04615384615384615,0.40264663530029454,0.6805384615384616,0.08315091326178195,0.35,0.38461538461538464,18.433076923076925,0.5127692307692308,0.12389801389826216,101.71038461538461,0.33461538461538465,0.7634019405096073,101.59461538461537,-0.4888461538461539,0.4346709616299454,0.022692307692307644,0.40858867320415493,1.1219230769230768,0.017205917707003908,19.417873076923076,0.3014144506807049,-0.16076923076923083,1.0,2.0,0.4558076923076924,0.1385276336261421,1.021008,0.4101177448461539,0.04091018713654883,-3.2103846153846147,-0.75,0.8118468620156507
peptide_pv_90,GFGTILKALAKIAGKVVKKLATKPGATYMLKENLK,0.1162857142857143,0.2860324532801936,0.1514285714285715,1.0400749070332855,8.06690857142857,5.509068571428571,2.898954285714286,7.146382857142857,4.409882857142856,2.382371428571429,1.357208571428571,0.6885914285714285,2.1148571428571423,0.09993908337102718,1.0,0.20457142857142857,0.3577835893264002,0.6504571428571428,0.12802305434622593,0.2,0.2,19.15142857142857,0.5464,0.04735089146107468,88.29914285714287,0.051428571428571435,0.5223061644705167,95.57514285714286,-0.1697142857142857,0.2682428968761103,0.22342857142857145,0.34882663783261963,1.0677142857142854,0.05331596849050622,17.25174,1.9138510849101498,-0.3668571428571429,1.0,1.0,0.41228571428571426,0.09690835944480297,0.14410113428571408,0.3410500150285714,0.04162460709889454,-9.338857142857142,-0.3894285714285715,0.5601354247667826
peptide_pv_91,GFFALIAKIISSPLFKTL,0.5294444444444444,0.2640327180828437,1.3777777777777778,0.8054198048033494,11.97556666666667,3.6593222222222233,1.8933055555555558,10.184716666666668,3.4048444444444432,2.1854555555555555,0.8991333333333333,0.6804,1.8561111111111108,0.13514957258987606,1.0,0.5927777777777776,0.2694724160458699,0.7192777777777777,0.10847705959321577,0.1111111111111111,0.1111111111111111,21.573333333333334,0.5070555555555556,0.07962620592621118,92.03,-0.7277777777777779,0.5069891602826287,114.29444444444445,0.30277777777777776,0.28751146130336824,0.6294444444444444,0.2674279832315598,1.0333333333333334,0.06055157811637514,18.88008888888889,1.8575398847004925,-0.24000000000000007,1.0,1.0,0.2777777777777778,0.08572955530269132,0.6890476111111109,0.37570865005555554,0.04373693396374358,-8.445555555555556,0.45222222222222214,0.5066749200426107
peptide_pv_92,LNWGAFLKHFFK,0.2941666666666667,0.4187913741134382,0.16666666666666663,0.9953430372367106,13.96495,5.111925,2.083816666666667,11.601941666666667,5.005958333333331,1.849841666666667,2.9508250000000005,0.8099416666666667,2.0433333333333334,0.3337688787878435,1.0,0.38916666666666666,0.3447897611678284,0.7111666666666666,0.025428084447435124,0.17500000000000002,0.25,20.54083333333333,0.3473333333333333,0.16466866085489526,108.99499999999999,-0.775,0.9822679439084462,121.34750000000001,0.06583333333333337,0.45914371233279144,0.22083333333333333,0.3153623532686139,1.1025000000000003,0.14645271305475308,19.461574999999996,1.586148379059592,0.26833333333333337,1.0,2.0,0.3466666666666667,0.19003503029911098,0.975907833333333,0.48793008858333325,0.06407728177967208,1.8641666666666665,0.10999999999999995,0.9431069174898976
peptide_pv_93,IFGAILPLALGALKNLIK,0.5588888888888889,0.41234288531498303,1.5,1.4858391514675475,11.615344444444446,4.930705555555557,1.8771777777777778,10.328933333333334,4.1437888888888885,2.177944444444444,0.7031499999999999,0.9032388888888888,1.9033333333333333,0.06558345797659165,0.0,0.7094444444444444,0.55673741080942,0.7077222222222221,0.10933819666902589,0.1111111111111111,0.1111111111111111,21.198333333333334,0.5117222222222222,0.13060439811421232,87.7311111111111,-0.6777777777777778,0.749018113834972,110.56444444444442,0.3422222222222222,0.4555209932066577,0.6666666666666665,0.4912575300016844,1.075,0.08581622308807152,17.166455555555558,1.6396557476650921,-0.39055555555555554,1.0,1.0,0.28527777777777774,0.14253848995849408,-0.7637233888888887,0.33833633772222227,0.050612374979625514,-10.442777777777776,0.4316666666666668,0.903812882038385
peptide_pv_94,KLKLLKLLKLLKLLK,0.06000000000000005,0.24515944960913397,0.72,0.7182168019242148,13.759900000000004,1.4317799999999998,4.520079999999999,13.08868,1.33084,3.8121000000000005,1.19908,0.4617999999999999,1.9559999999999997,0.11380091718073916,1.0,0.9800000000000002,0.2998200493054203,0.8605999999999998,0.038530512703722646,0.4,0.4,21.13,0.4584,0.050067068882046345,121.79199999999999,0.11999999999999995,0.4561774482303325,133.99399999999997,-0.438,0.31676813311877267,0.4,0.23099403969652657,1.2720000000000005,0.05335328846915172,19.406879999999997,0.8227254526089919,-0.04000000000000004,1.0,1.0,0.316,0.08069001467519898,-1.7047972000000002,0.4651775215999999,0.02283308502537783,1.1239999999999994,-0.2919999999999999,0.5043826684111146
peptide_pv_95,FLPILAGLAAKLVPKVFCSITKKC,0.36375,0.3199972577613412,1.1624999999999999,1.1002516677503482,9.102483333333334,3.4244375,3.983075,7.963312500000001,3.4013458333333326,3.525220833333334,0.8430458333333334,1.3324958333333332,1.8491666666666664,0.1942294528324985,1.0,0.43166666666666664,0.36118907121677585,0.7236666666666666,0.10478556909802832,0.15833333333333333,0.15833333333333333,20.104166666666668,0.4809166666666667,0.07087857654879488,88.49874999999999,-0.4333333333333334,0.5442403647123554,110.14083333333332,0.18999999999999995,0.39679717719074814,0.5595833333333334,0.37240984520144843,1.0562500000000001,0.1307749450532554,18.948125,1.5130675405187235,-0.345,1.0,1.0,0.29779166666666673,0.06692954518104725,0.11894250833333325,0.4005212006666667,0.03822440060735199,-9.583333333333334,0.036666666666666736,0.6343273758919546
peptide_pv_96,LLQWLSKLLGRLL,0.3046153846153847,0.6498156595826463,0.9692307692307691,2.1673425628146763,13.490930769230772,4.673438461538461,2.3733076923076926,13.680769230769231,4.0210923076923075,2.912661538461538,2.003284615384615,0.6631692307692306,2.017692307692307,0.13139768023476803,1.0,1.0115384615384615,1.0024708525022716,0.777076923076923,0.223080340986643,0.15384615384615385,0.15384615384615385,21.513076923076923,0.49376923076923074,0.12977484088495475,108.02769230769233,-0.7307692307692307,0.9520560980249775,113.75461538461536,0.17384615384615387,0.6015494974800318,0.4761538461538461,0.7221411415010877,1.1484615384615386,0.1904232206716243,18.569961538461538,2.9497488009959634,-0.004615384615384634,1.0,1.0,0.25161538461538463,0.17178086868973486,-1.8372979923076922,0.44412089199999993,0.10165615547140808,-1.860769230769231,0.43692307692307697,1.1385892903394883
peptide_pv_97,RLCYTRGRFTVCVR,-0.30571428571428566,0.19554249003528987,-0.07857142857142867,0.6652539474041747,7.072735714285713,6.120307142857142,6.424957142857143,8.021064285714287,5.8509,6.2456000000000005,1.6498142857142857,1.2769071428571428,2.0107142857142857,0.06751626701254188,1.0,0.02928571428571424,0.3123590894425104,0.6795714285714285,0.09157799680123138,0.2714285714285714,0.2714285714285714,18.893571428571427,0.5712857142857143,0.07007038524932134,99.69714285714285,-0.028571428571428564,0.24215682934075072,88.21285714285715,-0.050714285714285726,0.1779640542723497,0.15142857142857144,0.22387206205178642,0.9407142857142856,0.09409930443936099,19.913028571428573,1.948247129006609,0.08999999999999998,1.0,2.0,0.3410714285714285,0.035610998114477696,-1.2083981571428575,0.5168620469285715,0.04527313470664168,-4.4750000000000005,-0.3214285714285713,0.2947532570713274
peptide_pv_98,RGGRLCYCRRRFCVCA,-0.38125,0.22264202983911707,-0.125,0.5305392367800578,6.523112499999999,6.906368750000002,8.150675000000001,7.65771875,6.1957499999999985,7.676612499999999,1.4267875,2.0915375,1.959375,0.06426697550799243,1.0,0.03187499999999996,0.28726323398877285,0.581625,0.08901616210341315,0.2875,0.2875,18.735,0.5675625,0.030632702227817776,92.420625,0.15000000000000002,0.16532422405044356,80.544375,0.04437499999999994,0.23498202625630923,0.135,0.18152385651706937,0.978125,0.16092900230363727,18.345568749999998,2.585013223238017,0.03187499999999999,1.0,2.0,0.342375,0.009305891008955939,-2.51476988125,0.550126381375,0.08518944997970965,-5.666875000000001,-0.51875,0.1724840225829178
peptide_pv_99,KKKKKKKKKKKKKKKKKKKKGIGKFLHSAKKFGKAFVGEIMNS,-0.6018604651162791,0.2717681459849571,-1.7697674418604648,0.8348762316243586,9.066525581395348,4.592188372093024,5.700486046511629,6.886551162790698,3.0343837209302325,3.9041558139534907,2.16139534883721,0.297193023255814,2.257441860465116,0.09897365694522162,1.0,-0.4176744186046511,0.22099724751155433,0.621139534883721,0.03912951449359982,0.5372093023255814,0.5581395348837209,17.53418604651163,0.6267906976744185,0.029659475554047892,106.56162790697675,1.3627906976744186,0.4436011536474257,96.3367441860465,-1.1109302325581394,0.3036780439064349,-0.4034883720930233,0.27648744201385095,1.1248837209302325,0.019060830711788046,17.803697674418608,0.32309363985521555,-0.0832558139534884,1.0,2.0,0.5968139534883722,0.08305865298839486,0.9446293186046509,0.4178008408139535,0.006960713613220479,-1.1509302325581394,-1.755813953488372,0.5260231886550262
peptide_pv_100,WEAKLAKALAKALAKHLAKALAKALKACEA,0.09200000000000003,0.34262846225087357,0.2833333333333332,1.1028791508825184,6.990069999999999,2.4597366666666667,3.1299366666666666,6.4156866666666685,3.4174566666666673,2.5081766666666665,2.148183333333333,1.1623333333333334,2.0696666666666665,0.1547689368562222,0.0,0.4016666666666667,0.3822097904897787,0.6390666666666667,0.029118844231717723,0.16666666666666666,0.19666666666666668,17.517,0.3902333333333334,0.07191226510311109,87.24033333333334,0.17666666666666667,0.5951736176288714,93.837,-0.13833333333333328,0.501377558577508,0.26299999999999996,0.35519774916665037,1.2696666666666665,0.03714881733571702,17.357156666666665,1.0434047692316248,-0.41666666666666663,1.0,1.0,0.43043333333333333,0.10561636629523216,0.5023675199999998,0.35145387566666664,0.04350061889124198,-7.834666666666667,-0.4916666666666666,0.6642637607657697
peptide_pv_101,GFFALIPKIISSPLFKTLLSAVGSALSSSGEQE,0.3424242424242424,0.05801559935899829,0.6515151515151515,0.2371551106611637,9.463054545454543,4.529896969696969,1.3866454545454545,8.75318787878788,3.520272727272727,1.7837909090909088,1.507193939393939,0.6800818181818186,2.022424242424243,0.13753155670246428,1.0,0.3345454545454546,0.13190886199675184,0.6212727272727272,0.03877478111020245,0.0,0.0,20.7830303030303,0.6073939393939393,0.06491145892041683,78.35272727272728,-0.3333333333333333,0.20658516863941834,87.76575757575759,0.22151515151515153,0.07406539954104997,0.38454545454545447,0.07736527171502608,1.0087878787878788,0.05843236915482361,17.76070606060606,1.2127296532239227,-0.45242424242424245,1.0,1.0,0.3662727272727272,0.027641415349210816,0.5708934000000002,0.3120079230909091,0.00490651778173765,-10.926666666666664,0.04575757575757579,0.13847985736606142
peptide_pv_102,KWCFRVCYRGICYRRC,-0.301875,0.29067822564423185,-0.26875,0.7316183332041342,7.863456249999998,5.930218750000002,8.072612500000002,8.337,5.911762499999999,7.34520625,2.0261875000000003,2.2342750000000002,1.9625,0.1433691514544252,1.0,-0.11500000000000005,0.13802526109534874,0.671375,0.08533536363505288,0.2875,0.2875,18.78625,0.5311250000000001,0.043361124765312724,108.7875,-0.17499999999999996,0.3134609858385279,97.68625,-0.0343750000000001,0.3318534786220859,0.09062500000000002,0.22863507773410555,0.965625,0.11033090280362942,20.78068125,2.781715781937634,0.30937499999999996,1.0,2.0,0.3084375,0.06270537611915174,-1.8415456250000002,0.645103456375,0.1003120025207193,2.2274999999999996,-0.45062499999999994,0.36359403323877887
peptide_pv_103,NWKGIAAMAKKLL,0.16230769230769232,0.45804586646980544,0.22307692307692312,1.1752125287962807,9.472400000000004,4.9319,2.636230769230769,8.331623076923078,4.582799999999998,2.2172923076923072,2.0041230769230767,1.0047769230769232,2.1123076923076924,0.1492401786918986,1.0,0.40692307692307683,0.4647198958613993,0.6557692307692308,0.15967546257178358,0.23076923076923078,0.23076923076923078,18.935384615384617,0.44876923076923075,0.06451886263548347,94.23769230769231,-0.18461538461538454,0.9921553883673346,100.85999999999999,-0.08692307692307691,0.5711734652158701,0.24615384615384614,0.4011231497853355,1.1576923076923078,0.11819314690249025,17.593915384615386,3.350968349704211,-0.2923076923076924,1.0,1.0,0.39123076923076916,0.10005616230233959,0.3132621307692307,0.37924361076923074,0.08105239978159534,-5.13076923076923,-0.19307692307692306,0.925754622793588
peptide_pv_104,CGESCVWIPCLTSAVGCSCKSKVCYRNGIP,0.15066666666666664,0.06012262702008871,0.4133333333333334,0.23803825689721783,6.15348,5.6188699999999985,5.22951,6.061403333333334,4.72108,4.6036333333333355,1.59893,2.0873500000000003,2.0066666666666664,0.038821225745985496,0.0,-0.054666666666666655,0.14880349997702294,0.6016,0.09279000041523659,0.04666666666666666,0.04666666666666666,19.506666666666664,0.5832666666666667,0.04536720208590875,75.896,-0.30333333333333334,0.1597749957358528,80.83399999999999,0.2893333333333333,0.035569172445622105,0.31133333333333335,0.08508742512646547,0.9403333333333331,0.04703435723673436,18.962423333333334,1.6529920518518668,-0.48400000000000004,1.0,1.0,0.34603333333333336,0.03243199761593813,-0.8114064833333335,0.4298534367666666,0.035893371448938824,-9.694333333333335,-0.30533333333333335,0.2584571977218423
peptide_pv_105,CWKWKWKWGSGWKWKWKWC,-0.06105263157894735,0.19777088334531823,-1.4315789473684208,0.5271335391404479,12.825747368421052,9.500342105263158,5.239805263157893,10.47735263157895,8.875331578947367,3.6365947368421057,5.85953157894737,1.872847368421053,2.1378947368421053,0.06186555676737959,1.0,-0.32368421052631574,0.10529442656703196,0.7093684210526315,0.045364329289735765,0.3052631578947369,0.3052631578947369,17.56,0.4144736842105263,0.05387312969697428,125.40105263157893,-0.5736842105263158,0.5127310034737679,119.96368421052634,-0.29894736842105263,0.3583376896025392,-0.3031578947368421,0.18170762534354012,1.0242105263157892,0.04880586536454292,20.590542105263157,1.5811901367691599,0.4152631578947369,1.0,2.0,0.36457894736842106,0.0636648507849903,2.752163747368421,0.67552316,0.09780843318891994,9.547894736842107,-0.5278947368421053,0.3187188990495646
peptide_pv_106,SWLRDIWDWGCEVLSDFK,0.07222222222222224,0.5754345466473292,-0.3055555555555556,1.5313464589498114,12.928400000000002,5.572677777777778,3.5121888888888884,12.470794444444444,5.274644444444444,3.226633333333333,4.244605555555555,1.0770888888888888,2.263888888888889,0.23703281580053467,1.0,0.031666666666666635,0.4996923316856964,0.6804999999999999,0.11235883141121866,-0.11666666666666667,-0.11666666666666667,20.828888888888894,0.5486666666666666,0.1354099282945523,101.67,-0.1111111111111111,1.1537929273825902,94.32555555555557,0.0838888888888889,0.4326328641863795,0.0672222222222222,0.5087658481777598,1.0322222222222224,0.020854614255842542,20.579083333333333,0.984198804341006,-0.2550000000000001,1.0,2.0,0.4122222222222222,0.19796334600227228,1.6626858055555553,0.49273715288888886,0.042775455482263955,7.295555555555558,-0.36944444444444446,1.1066475770831525
peptide_pv_107,FLGFLKNLF,0.5666666666666667,0.5452712149986598,1.3333333333333333,1.8545732298960946,16.5216,4.563655555555555,1.5715444444444446,14.1255,4.028988888888889,1.9380444444444445,0.7383333333333332,0.6780666666666666,1.8988888888888888,0.10807909781678623,1.0,0.9033333333333332,0.8837348410503227,0.759888888888889,0.29091609940225316,0.1111111111111111,0.1111111111111111,23.173333333333332,0.3752222222222222,0.14451294721170727,107.95555555555556,-1.0777777777777777,1.0421269099620092,130.68666666666667,0.3177777777777778,0.4831473985954227,0.6033333333333333,0.6326225758664441,1.088888888888889,0.2742598129667287,19.05687777777778,5.332770339072377,0.19777777777777772,1.0,1.0,0.24822222222222223,0.16455987840701383,0.30566133333333334,0.4645870888888889,0.16637465063114634,0.007777777777778229,0.6811111111111112,1.1010696827913733
peptide_pv_108,MDFIIDIIKKIVGLFTGK,0.38055555555555554,0.42222301308795085,0.9888888888888892,1.5660180237309074,13.303405555555555,5.29845,2.853338888888889,11.15593888888889,4.056966666666666,2.7357777777777783,1.7419777777777776,0.25751666666666667,2.23,0.21163438299949625,1.0,0.27222222222222214,0.4518793702130553,0.7227222222222223,0.15997336926516667,0.05555555555555555,0.05555555555555555,21.85388888888889,0.5857222222222223,0.10728047237582998,99.79666666666667,-0.22222222222222218,0.8781498876718801,110.31944444444444,0.15666666666666665,0.3835442561499303,0.5105555555555554,0.5275399382879972,1.021111111111111,0.05095875242538727,19.269316666666665,2.4120866769610205,-0.3661111111111111,1.0,1.0,0.35111111111111115,0.17844666395397252,1.1707659833333335,0.4014421192222222,0.07628950072366467,0.30666666666666687,0.04833333333333324,0.9687133803520553
peptide_pv_109,SWLRDIWDWICEVLSDFK,0.12333333333333332,0.6224132375536406,-0.03333333333333331,1.8019445149178344,13.747327777777778,4.133388888888888,3.5661277777777776,13.077994444444444,4.525161111111112,3.3818833333333327,4.246449999999999,1.0728222222222223,2.2249999999999996,0.2716367686488257,1.0,0.10111111111111108,0.568626228451005,0.7352222222222222,0.16466199173392784,-0.11666666666666667,-0.11666666666666667,21.08555555555556,0.5301666666666667,0.15361499513370058,107.41777777777777,-0.21111111111111114,1.2504727047355417,101.54277777777779,0.11777777777777776,0.46379011969348305,0.16,0.6009740401853941,1.0550000000000002,0.027480817510031723,21.765255555555555,0.8387705295985378,-0.19888888888888887,1.0,2.0,0.3861666666666667,0.2240098623336938,1.8751396388888883,0.517634610888889,0.06766976208876505,9.898333333333333,-0.24944444444444447,1.2237616815969903
peptide_pv_110,KKKKKKAAAFAAAAAFAAWAAFAAA,0.1884,0.08969964961022762,0.4440000000000001,0.30621230186697773,5.745952000000001,3.0085840000000004,2.4243639999999993,4.190535999999999,4.49212,1.85278,1.0529200000000003,1.1843160000000001,1.9448,0.03146886607030026,0.0,0.2908,0.08239644511812157,0.57532,0.027300179603537377,0.24,0.24,16.1652,0.32664000000000004,0.021555804537254922,78.29639999999999,-0.015999999999999997,0.1565873434373056,92.52120000000001,-0.09400000000000004,0.13183469726301464,0.32439999999999997,0.10062406127718732,1.2372,0.02024869724672086,16.237499999999997,0.6633652201626389,-0.4364,1.0,1.0,0.43351999999999996,0.02182905276572378,2.1199965999999995,0.30432165531999994,0.04524133907137089,-13.730799999999999,-0.30360000000000004,0.1609024732121006
