# ID,model1_class_preds,model1_probability_0,model1_probability_1,model2_class_preds,model2_probability_0,model2_probability_1,model3_class_preds,model3_probability_0,model3_probability_1,consensus_class_preds,consensus_probability_0,consensus_probability_1
AP00011,1,0.4941815842935672,0.5058184157064328,0,0.8296363741504562,0.1703636258495438,0,0.981536245854896,0.018463754145104053,0,0.7684514014329732,0.2315485985670269
AP00032,1,0.45289760805901724,0.5471023919409828,0,0.8644410973795685,0.13555890262043147,0,0.9857199122290348,0.014280087770965288,0,0.7676862058892068,0.2323137941107932
AP00033,1,0.4797894047495045,0.5202105952504955,0,0.8471828499000676,0.15281715009993238,0,0.9792028168440063,0.020797183155993628,0,0.7687250238311929,0.23127497616880718
AP00034,0,0.784439715843763,0.2155602841562369,0,0.851461450705602,0.14853854929439808,0,0.9943780171817382,0.005621982818261789,0,0.8767597279103677,0.12324027208963224
AP00049,1,0.2851827397206874,0.7148172602793126,1,0.004588534137772493,0.9954114658622275,1,0.4731066328277994,0.5268933671722006,1,0.2542926355620864,0.7457073644379135
AP00055,1,0.010548949167481725,0.9894510508325183,1,0.000117673518965411,0.9998823264810346,1,9.053880106391077e-05,0.9999094611989361,1,0.0035857204958370157,0.996414279504163
AP00056,1,0.003132809961683747,0.9968671900383163,1,0.00017077018366673524,0.9998292298163333,1,5.581285001610148e-05,0.9999441871499839,1,0.0011197976651221946,0.9988802023348778
AP00057,1,0.0033639297255743106,0.9966360702744257,1,0.005151632523962335,0.9948483674760377,1,0.0001237287108091234,0.9998762712891909,1,0.0028797636534485895,0.9971202363465513
AP00058,1,0.07517991903121146,0.9248200809687885,1,0.004213271748553127,0.9957867282514469,1,0.05624766687021765,0.9437523331297824,1,0.04521361921666075,0.9547863807833393
AP00060,1,0.10478529306624706,0.8952147069337529,1,0.10051743084953091,0.8994825691504691,1,0.37715870403251184,0.6228412959674882,1,0.1941538093160966,0.8058461906839033
AP00063,1,0.008527579286859432,0.9914724207131406,1,0.009588569339086361,0.9904114306609136,1,0.0001888883137957098,0.9998111116862043,1,0.006101678979913834,0.9938983210200861
AP00066,0,0.5597700415175937,0.44022995848240637,1,0.005348211889288801,0.9946517881107112,1,0.00036317082353121144,0.9996368291764688,0,0.18849380807680458,0.8115061919231955
AP00067,1,0.12231105930125741,0.8776889406987426,1,0.010338307891541665,0.9896616921084583,1,0.023963473371778177,0.9760365266282218,1,0.05220428018819242,0.9477957198118077
AP00068,1,0.4001904083439871,0.5998095916560129,1,0.007244923241398138,0.9927550767586019,1,0.0043480788138855475,0.9956519211861145,1,0.13726113679975693,0.8627388632002431
AP00069,1,0.1410460284583286,0.8589539715416714,1,0.03536345482604375,0.9646365451739563,1,0.027779151746238573,0.9722208482537614,1,0.06806287834353697,0.931937121656463
AP00070,1,0.24695215915264257,0.7530478408473574,1,0.1258610630081457,0.8741389369918543,1,0.06685469598816329,0.9331453040118367,1,0.14655597271631718,0.8534440272836828
AP00071,1,0.012196550017067653,0.9878034499829323,1,0.0005257883646344608,0.9994742116353655,1,0.0022928196544120816,0.9977071803455879,1,0.005005052678704732,0.9949949473212953
AP00072,0,0.6708523979471722,0.3291476020528278,0,0.9719649047734158,0.028035095226584178,0,0.9935749326526534,0.006425067347346576,0,0.8787974117910805,0.12120258820891953
AP00073,1,0.0065196045534117175,0.9934803954465883,1,0.0001257904356656292,0.9998742095643344,1,0.0005245417834729427,0.9994754582165271,1,0.00238997892418343,0.9976100210758165
AP00074,1,0.003836222624278296,0.9961637773757217,1,0.00028545061664253524,0.9997145493833575,1,0.0007073987763112077,0.9992926012236888,1,0.0016096906724106796,0.9983903093275893
AP00075,1,0.01201626946050327,0.9879837305394967,1,0.003532562512834181,0.9964674374871658,1,0.2332012295430409,0.7667987704569591,1,0.08291668717212612,0.9170833128278738
AP00076,1,0.03510259047661102,0.964897409523389,1,0.004067252344512995,0.995932747655487,1,0.17034358859872833,0.8296564114012717,1,0.06983781047328412,0.9301621895267159
AP00077,1,0.01465194819939064,0.9853480518006094,1,0.0011515925617192613,0.9988484074382807,1,0.0021504023761801383,0.9978495976238199,1,0.0059846477124300135,0.99401535228757
AP00078,1,0.025014977797939486,0.9749850222020605,1,0.0012454396390070288,0.998754560360993,1,0.007224950188931767,0.9927750498110682,1,0.011161789208626094,0.9888382107913739
AP00079,1,0.023211677791653895,0.9767883222083461,1,0.1421169288560784,0.8578830711439216,0,0.9698265008934768,0.030173499106523196,0,0.3783850358470697,0.6216149641529304
AP00080,1,0.03335725641868226,0.9666427435813177,1,0.03253209836578996,0.96746790163421,1,0.034857144010205454,0.9651428559897945,1,0.033582166264892556,0.9664178337351075
AP00082,1,0.03228963657252493,0.9677103634274751,1,0.025308482630420404,0.9746915173695796,1,0.0042601753323394664,0.9957398246676605,1,0.0206194315117616,0.9793805684882383
AP00084,1,0.0018394765657443468,0.9981605234342557,1,0.0002627742837937319,0.9997372257162063,1,0.001829069565909558,0.9981709304340904,1,0.0013104401384825455,0.9986895598615174
AP00101,1,0.004266469189980526,0.9957335308100195,1,0.000202051187296437,0.9997979488127036,1,0.00044373926635088434,0.9995562607336491,1,0.0016374198812092826,0.9983625801187906
AP00136,1,0.15959199428138404,0.840408005718616,1,0.0003356736545092609,0.9996643263454907,1,0.0005233587797465189,0.9994766412202535,1,0.05348367557187994,0.94651632442812
AP00146,1,0.02655508629845771,0.9734449137015423,1,0.0003962822549324896,0.9996037177450675,1,0.0002183451962022298,0.9997816548037978,1,0.009056571249864143,0.9909434287501359
AP00150,1,0.003065156754338383,0.9969348432456616,1,0.00012642147562402783,0.999873578524376,1,0.007597126466875603,0.9924028735331244,1,0.0035962348989460047,0.996403765101054
AP00152,1,0.003445596160921105,0.9965544038390789,1,7.054516773685737e-05,0.9999294548322631,1,0.00015125412415806228,0.9998487458758419,1,0.0012224651509386748,0.9987775348490614
AP00155,1,0.002430410017054241,0.9975695899829458,1,0.004297754752741856,0.9957022452472581,1,0.003076165380296758,0.9969238346197032,1,0.0032681100500309515,0.996731889949969
AP00160,1,0.140375401722023,0.859624598277977,1,0.0002268569953881583,0.9997731430046118,1,0.0006591264556295995,0.9993408735443704,1,0.04708712839101359,0.9529128716089864
AP00191,1,0.14768362429970616,0.8523163757002938,1,0.002158949519058373,0.9978410504809416,1,0.0013299417419739834,0.998670058258026,1,0.05039083852024617,0.9496091614797538
AP00200,1,0.027606741012668135,0.9723932589873319,1,0.0007172129270058836,0.9992827870729941,1,0.0002971472574323508,0.9997028527425676,1,0.009540367065702124,0.9904596329342978
AP00201,1,0.4668348772558578,0.5331651227441422,1,0.0008148672587495742,0.9991851327412504,1,0.002187913310012002,0.997812086689988,1,0.15661255260820647,0.8433874473917934
AP00214,1,0.004087254468455481,0.9959127455315445,1,0.0001568360259797119,0.9998431639740203,1,0.00018683161691324113,0.9998131683830868,1,0.0014769740371161448,0.9985230259628839
AP00228,1,0.0364258154776802,0.9635741845223198,1,0.01579144868577609,0.9842085513142239,1,0.03507670580978317,0.9649232941902168,1,0.02909798999107982,0.9709020100089202
AP00234,0,0.945294800815108,0.05470519918489201,0,0.6693926405219783,0.33060735947802167,0,0.909262796770898,0.09073720322910195,0,0.8413167460359948,0.1586832539640052
AP00236,1,0.014929196778938114,0.9850708032210619,1,0.0289296056224011,0.9710703943775989,1,0.11800176340545021,0.8819982365945498,1,0.05395352193559647,0.9460464780644035
AP00237,1,0.0039069890291097975,0.9960930109708902,1,0.19672678325591453,0.8032732167440855,1,0.08704508995179105,0.912954910048209,1,0.09589295407893846,0.9041070459210615
AP00238,0,0.8232016641485744,0.17679833585142557,0,0.5175448782648389,0.4824551217351612,0,0.5426355963462894,0.4573644036537105,0,0.6277940462532342,0.37220595374676574
AP00301,1,0.07693156848535387,0.9230684315146461,1,0.11196086696610774,0.8880391330338923,1,0.14875039583481842,0.8512496041651816,1,0.11254761042876,0.88745238957124
AP00310,1,0.13007169486164338,0.8699283051383566,1,0.0014972046982257847,0.9985027953017742,1,0.0006754659867738155,0.9993245340132262,1,0.044081455182214326,0.9559185448177857
AP00313,1,0.008743645097338049,0.991256354902662,1,7.071766926891598e-05,0.9999292823307311,1,0.0002555621336955971,0.9997444378663044,1,0.003023308300100854,0.9969766916998991
AP00339,1,0.013894882798618946,0.986105117201381,1,0.00033046447728635187,0.9996695355227136,1,0.0001941614804171765,0.9998058385195828,1,0.004806502918774158,0.9951934970812258
AP00340,1,0.021667194633675946,0.978332805366324,1,0.00015945573240194744,0.999840544267598,1,0.00017791455406979129,0.9998220854459302,1,0.007334854973382561,0.9926651450266175
AP00341,1,0.359043080079143,0.640956919920857,1,0.0025624725934583203,0.9974375274065417,1,0.012633566992719225,0.9873664330072808,1,0.12474637322177351,0.8752536267782265
AP00366,1,0.0010005645578193834,0.9989994354421806,1,8.84782775074644e-05,0.9999115217224925,1,2.4602266959550256e-05,0.9999753977330404,1,0.000371215034095466,0.9996287849659046
AP00367,1,0.003455655916734246,0.9965443440832658,1,0.012192226525783556,0.9878077734742164,1,0.003891745725553286,0.9961082542744467,1,0.006513209389357029,0.993486790610643
AP00374,1,0.14109737578593595,0.858902624214064,1,0.005366227166370141,0.9946337728336299,1,0.026342454700855722,0.9736575452991443,1,0.0576020192177206,0.9423979807822794
AP00385,1,0.03437986020157602,0.965620139798424,1,0.0033055590659966105,0.9966944409340034,1,0.0035519867365636504,0.9964480132634363,1,0.01374580200137876,0.9862541979986212
AP00386,1,0.0014657802186267554,0.9985342197813732,1,0.00011231560908642191,0.9998876843909136,1,2.293171901190938e-05,0.9999770682809881,1,0.0005336758489083623,0.9994663241510917
AP00387,1,0.0016989226553120185,0.998301077344688,1,0.00010653952539074751,0.9998934604746093,1,1.554580875440248e-05,0.9999844541912456,1,0.0006070026631523895,0.9993929973368476
AP00388,1,0.008008097386632662,0.9919919026133673,1,0.000402655308789468,0.9995973446912105,1,8.728611042840839e-05,0.9999127138895716,1,0.0028326796019501796,0.9971673203980499
AP00389,1,0.012927262746083912,0.9870727372539161,1,0.005766557632131408,0.9942334423678686,1,0.0004907262832527515,0.9995092737167472,1,0.006394848887156024,0.993605151112844
AP00390,1,0.0025207625904515307,0.9974792374095485,1,1.0878280448212152e-05,0.9999891217195518,1,2.5664238574307774e-05,0.9999743357614257,1,0.0008524350364913502,0.9991475649635086
AP00391,1,0.0849238953166086,0.9150761046833914,1,0.00033129638254514315,0.9996687036174549,1,0.014309060143951835,0.9856909398560482,1,0.03318808394770186,0.9668119160522982
AP00414,1,0.0014094712103157603,0.9985905287896842,1,0.00019151537190242873,0.9998084846280976,1,7.212870653228176e-05,0.9999278712934677,1,0.000557705096250157,0.9994422949037499
AP00415,1,0.0013119402228303212,0.9986880597771697,1,0.00022465610136246372,0.9997753438986375,1,4.158960642175469e-05,0.9999584103935782,1,0.0005260619768715132,0.9994739380231284
AP00416,1,0.0005577519334296621,0.9994422480665703,1,0.0001245896559898263,0.9998754103440102,1,0.00011041434641378967,0.9998895856535862,1,0.0002642519786110927,0.999735748021389
AP00417,1,0.00030793297172959644,0.9996920670282704,1,2.8521231425382432e-05,0.9999714787685746,1,2.114649829887405e-05,0.9999788535017011,1,0.00011920023381795097,0.9998807997661819
AP00427,1,0.06306209037151678,0.9369379096284832,1,0.0007853860977754534,0.9992146139022245,1,0.00044748094879620837,0.9995525190512038,1,0.021431652472696145,0.9785683475273039
AP00430,1,0.0019623886412313274,0.9980376113587687,1,0.0031488334144417207,0.9968511665855583,1,0.001201154916977587,0.9987988450830224,1,0.002104125657550212,0.9978958743424498
AP00456,1,0.006542650443690956,0.993457349556309,1,0.002745924339535355,0.9972540756604646,1,0.40029008305095837,0.5997099169490416,1,0.13652621927806155,0.8634737807219385
AP00459,1,0.005724153408339205,0.9942758465916608,1,8.013627281400204e-05,0.999919863727186,1,0.0009292444513909759,0.999070755548609,1,0.0022445113775147276,0.9977554886224853
AP00461,1,0.03314042718234156,0.9668595728176584,1,0.0030460652220225537,0.9969539347779774,1,0.02729092963293034,0.9727090703670697,1,0.02115914067909815,0.9788408593209018
AP00473,1,0.13294147986718763,0.8670585201328124,1,7.074317821231801e-05,0.9999292568217877,1,0.003215654903241383,0.9967843450967586,1,0.04540929264954711,0.9545907073504529
AP00474,1,0.07789775895773632,0.9221022410422637,1,4.8523472816808244e-05,0.9999514765271832,1,0.001076195566499405,0.9989238044335006,1,0.02634082599901751,0.9736591740009826
AP00476,0,0.5144875793511651,0.48551242064883493,1,0.008534711966829645,0.9914652880331704,0,0.5568600820710304,0.44313991792896956,0,0.359960791129675,0.640039208870325
AP00485,1,0.24380543317197367,0.7561945668280263,1,0.00011385387734186292,0.9998861461226581,1,0.00036566352573563776,0.9996343364742644,1,0.08142831685835039,0.9185716831416496
AP00493,0,0.6747245922475671,0.3252754077524329,1,0.2444661912781111,0.7555338087218889,0,0.5518528254221915,0.44814717457780845,0,0.49034786964928995,0.5096521303507101
AP00494,1,0.000449371625234396,0.9995506283747656,1,3.570465613300655e-05,0.999964295343867,1,1.437775932899843e-05,0.999985622240671,1,0.00016648468023213367,0.9998335153197679
AP00502,1,0.04044796494482783,0.9595520350551722,1,0.0002769213660306358,0.9997230786339694,1,0.00022542603884745382,0.9997745739611525,1,0.01365010411656864,0.9863498958834315
AP00522,1,0.27944278518553634,0.7205572148144637,0,0.5459303023494613,0.4540696976505387,0,0.8695998367811664,0.13040016321883363,0,0.5649909747720546,0.4350090252279453
AP00535,1,0.026964426501913663,0.9730355734980863,1,0.001737882959386039,0.998262117040614,1,0.0032943725222801534,0.9967056274777198,1,0.010665560661193285,0.9893344393388067
AP00543,1,0.09836687510509512,0.9016331248949049,0,0.9734260950874214,0.026573904912578578,0,0.9910541017964339,0.008945898203566014,0,0.6876156906629834,0.3123843093370165
AP00544,0,0.9341373623442414,0.06586263765575864,0,0.9998956696600737,0.00010433033992634392,0,0.9999423242786775,5.767572132259024e-05,0,0.9779917854276642,0.02200821457233586
AP00545,0,0.8229289514622096,0.1770710485377905,0,0.9939434704014022,0.006056529598597775,0,0.965073869928857,0.03492613007114301,0,0.9273154305974897,0.07268456940251043
AP00548,1,0.03500254507502443,0.9649974549249756,1,0.0008165753163246192,0.9991834246836754,1,0.003128666531306168,0.9968713334686938,1,0.012982595640885072,0.9870174043591149
AP00556,1,0.18879559542685753,0.8112044045731425,1,0.0034098865418316082,0.9965901134581684,1,0.0014078296869206586,0.9985921703130793,1,0.06453777055186993,0.9354622294481301
AP00562,1,0.11223009086615843,0.8877699091338416,1,0.026225917849343805,0.9737740821506562,1,0.06431579989075886,0.9356842001092411,1,0.0675906028687537,0.9324093971312463
AP00567,1,0.0027631850425060556,0.9972368149574939,1,0.003244552635269793,0.9967554473647302,1,0.24519402875536178,0.7548059712446382,1,0.0837339221443792,0.9162660778556209
AP00569,1,0.007312371352947933,0.9926876286470521,1,0.0030821473131019683,0.996917852686898,1,0.4617319319834542,0.5382680680165458,1,0.1573754835498347,0.8426245164501652
AP00580,1,0.00042022635053451385,0.9995797736494655,1,6.847765521378335e-05,0.9999315223447862,1,0.0005002471138957354,0.9994997528861043,1,0.00032965037321467755,0.9996703496267854
AP00588,1,0.06152748547152487,0.9384725145284751,1,0.002034749545082315,0.9979652504549177,1,0.0009151779043390373,0.999084822095661,1,0.02149247097364874,0.9785075290263512
AP00593,1,0.0022481777530457547,0.9977518222469542,1,0.00019203210892282385,0.9998079678910772,1,0.00018022107417536848,0.9998197789258246,1,0.000873476978714649,0.9991265230212854
AP00597,1,0.04783069571610166,0.9521693042838983,1,0.00010903276724960609,0.9998909672327504,1,0.00020697202670993953,0.9997930279732901,1,0.016048900170020402,0.9839510998299795
AP00601,1,0.004504995900582065,0.9954950040994179,1,0.00034414073234201314,0.999655859267658,1,0.11281488539483964,0.8871851146051604,1,0.039221340675921236,0.9607786593240787
AP00602,1,0.003461095818814819,0.9965389041811852,1,0.00022252984916015794,0.9997774701508398,1,0.09148962744493927,0.9085103725550607,1,0.03172441770430475,0.9682755822956953
AP00603,1,0.0010233087511528627,0.9989766912488471,1,0.0002656538034204736,0.9997343461965795,1,0.0020752821705239954,0.997924717829476,1,0.0011214149083657772,0.9988785850916342
AP00627,1,0.13615571415955874,0.8638442858404413,1,0.03797604845880098,0.962023951541199,1,0.04252377592211953,0.9574762240778805,1,0.07221851284682641,0.9277814871531737
AP00660,1,0.05717620405522206,0.9428237959447779,1,0.00027043348614586016,0.9997295665138541,1,0.023394663767998036,0.976605336232002,1,0.026947100436455318,0.9730528995635447
AP00694,1,0.008287173928060887,0.9917128260719391,1,0.00747175937686706,0.9925282406231329,1,0.0005267926277784385,0.9994732073722216,1,0.005428575310902128,0.9945714246890979
AP00728,1,0.19554947582216076,0.8044505241778392,1,0.0003302666915044883,0.9996697333084955,1,9.59979449517423e-05,0.9999040020550483,1,0.065325246819539,0.934674753180461
AP00729,1,0.10159087430030733,0.8984091256996927,1,0.0006386249968846069,0.9993613750031154,1,0.000449164407424929,0.9995508355925751,1,0.03422622123487229,0.9657737787651278
AP00730,1,0.1285747163810529,0.8714252836189471,1,0.2606695539288876,0.7393304460711124,1,0.37828657091127693,0.6217134290887231,1,0.2558436137404058,0.7441563862595942
AP00737,1,0.0121265041980273,0.9878734958019727,1,0.24711609273752366,0.7528839072624763,1,0.0049847694193314585,0.9950152305806685,1,0.0880757887849608,0.9119242112150392
AP00738,1,0.01156729596349082,0.9884327040365092,1,0.00260010940987776,0.9973998905901222,1,0.0013043493627394875,0.9986956506372605,1,0.005157251578702689,0.9948427484212973
AP00739,1,0.028559648668941118,0.9714403513310589,1,0.0208224760556992,0.9791775239443008,1,0.006467984744254807,0.9935320152557452,1,0.018616703156298375,0.9813832968437016
AP00740,1,0.03438788156766093,0.9656121184323391,1,0.04184599499797548,0.9581540050020245,1,0.0058711227239577335,0.9941288772760423,1,0.02736833309653138,0.9726316669034687
AP00772,1,0.0009622042592727365,0.9990377957407273,1,6.699817913269346e-05,0.9999330018208673,1,0.00015079919726412871,0.9998492008027359,1,0.0003933338785565195,0.9996066661214434
AP00773,1,0.008407966949219636,0.9915920330507804,1,2.937032258432115e-05,0.9999706296774157,1,0.0006640345009932824,0.9993359654990067,1,0.0030337905909324134,0.9969662094090675
AP00774,1,0.007186910048055495,0.9928130899519445,1,0.00015197597864802237,0.999848024021352,1,0.0005188874572874536,0.9994811125427125,1,0.0026192578279969903,0.997380742172003
AP00775,1,0.015336591420649914,0.9846634085793501,1,0.0008913834422840106,0.999108616557716,1,0.006943688547624949,0.993056311452375,1,0.0077238878035196246,0.9922761121964804
AP00776,1,0.006430602807364072,0.9935693971926359,1,2.9415678859390226e-05,0.9999705843211406,1,0.0008198877968162988,0.9991801122031837,1,0.0024266354276799205,0.99757336457232
AP00793,1,0.0033639297255743106,0.9966360702744257,1,0.005151632523962335,0.9948483674760377,1,0.0001237287108091234,0.9998762712891909,1,0.0028797636534485895,0.9971202363465513
AP00794,1,0.010548949167481725,0.9894510508325183,1,0.000117673518965411,0.9998823264810346,1,9.053880106391077e-05,0.9999094611989361,1,0.0035857204958370157,0.996414279504163
AP00819,1,0.06881974272904678,0.9311802572709532,1,0.00035046884867706574,0.9996495311513229,1,0.0004262026995317525,0.9995737973004682,1,0.0231988047590852,0.9768011952409147
AP00823,1,0.2965428297215149,0.7034571702784851,1,0.0010474117564116536,0.9989525882435883,1,0.004027628885448831,0.9959723711145512,1,0.10053929012112513,0.8994607098788748
AP00858,1,0.14621296781777926,0.8537870321822207,1,0.00011462187400812507,0.9998853781259919,1,0.0003678364013179891,0.999632163598682,1,0.048898475364368456,0.9511015246356317
AP00862,1,0.007091508273974867,0.9929084917260251,1,6.580998272454064e-05,0.9999341900172755,1,0.00037089297973835755,0.9996291070202616,1,0.002509403745479255,0.9974905962545207
AP00866,1,0.03600828156180691,0.9639917184381931,1,0.00021167642889674543,0.9997883235711033,1,0.00028899059045928155,0.9997110094095407,1,0.012169649527054313,0.9878303504729457
AP00873,1,0.03839421683372801,0.961605783166272,1,0.0013236997839585207,0.9986763002160415,1,0.0003351582337375314,0.9996648417662625,1,0.013351024950474688,0.9866489750495253
AP00878,1,0.004579227586658408,0.9954207724133416,1,0.00020606996607430705,0.9997939300339257,1,0.001196069718037318,0.9988039302819627,1,0.0019937890902566777,0.9980062109097433
AP00885,1,0.004226066925412164,0.9957739330745878,1,0.00021621913891956002,0.9997837808610804,1,0.0003090119760988941,0.9996909880239011,1,0.0015837660134768727,0.9984162339865231
AP00887,1,0.002391029547030743,0.9976089704529693,1,0.0008104890483738858,0.9991895109516261,1,0.0006880790023374717,0.9993119209976625,1,0.0012965325325807002,0.9987034674674193
AP00890,1,0.0029170068466134458,0.9970829931533866,1,0.005289322246266548,0.9947106777537335,1,0.0011153404644064224,0.9988846595355936,1,0.003107223185762139,0.9968927768142378
AP00894,0,0.5173467367738764,0.4826532632261236,1,0.055076726611082205,0.9449232733889178,0,0.6008349281541749,0.399165071845825,0,0.3910861305130446,0.6089138694869555
AP00898,1,0.03169052042886922,0.9683094795711308,1,0.00016990091371493765,0.9998300990862851,1,0.0001298738560349122,0.9998701261439651,1,0.010663431732873022,0.989336568267127
AP00957,1,0.2501725249139025,0.7498274750860975,1,0.026230298272317043,0.973769701727683,1,0.03999957863657455,0.9600004213634254,1,0.1054674672742647,0.8945325327257353
AP00958,0,0.6853607554946529,0.3146392445053471,1,0.0077542461386121975,0.9922457538613878,1,0.23373026388440743,0.7662697361155926,0,0.30894842183922416,0.6910515781607757
AP00961,1,0.08872412200422575,0.9112758779957743,1,0.0006012315872745422,0.9993987684127255,1,0.0026111902628600525,0.99738880973714,1,0.030645514618120113,0.96935448538188
AP00966,1,0.027769761090080558,0.9722302389099194,1,0.006109551291841542,0.9938904487081585,1,0.008935409288798879,0.9910645907112011,1,0.014271573890240327,0.9857284261097597
AP00969,0,0.75047975498477,0.24952024501522999,0,0.9782677536365354,0.021732246363464637,0,0.9973807526390701,0.002619247360929902,0,0.908709420420125,0.09129057957987484
AP00973,0,0.6763064768033178,0.3236935231966822,0,0.7557678300516499,0.24423216994835,1,0.4358747722686388,0.5641252277313612,0,0.6226496930412022,0.3773503069587978
AP01010,1,0.02845253355191979,0.9715474664480802,1,0.0002445084898462513,0.9997554915101537,1,0.001716078673173027,0.998283921326827,1,0.01013770690497969,0.9898622930950203
AP01011,1,0.007823633665038576,0.9921763663349614,1,0.0002884928988042823,0.9997115071011957,1,0.0009930157148446694,0.9990069842851553,1,0.003035047426229176,0.9969649525737708
AP01016,1,0.0023463589660766004,0.9976536410339234,1,4.322300478520891e-05,0.9999567769952148,1,0.00012788028507226823,0.9998721197149277,1,0.0008391540853113592,0.9991608459146887
AP01030,1,0.10267189707870017,0.8973281029212998,1,0.0004409827999897198,0.9995590172000103,1,0.0005917412352415274,0.9994082587647585,1,0.03456820703797714,0.9654317929620229
AP01047,1,0.3606411329773852,0.6393588670226148,1,0.010638634849528983,0.989361365150471,1,0.003497875184856669,0.9965021248151433,1,0.12492588100392361,0.8750741189960763
AP01049,1,0.15605490895337248,0.8439450910466275,1,0.0005022083655333853,0.9994977916344666,1,0.000624175197838861,0.9993758248021611,1,0.052393764172248246,0.9476062358277518
AP01055,1,0.2762945588106811,0.7237054411893189,1,0.0007874801509222262,0.9992125198490778,1,0.0010673175493107756,0.9989326824506892,1,0.0927164521703047,0.9072835478296953
AP01077,1,0.3844174222473802,0.6155825777526198,1,0.061595366154762465,0.9384046338452375,1,0.17289548045224457,0.8271045195477554,1,0.20630275628479575,0.7936972437152042
AP01080,1,0.22422147265299397,0.775778527347006,1,0.0008660761209769996,0.999133923879023,1,0.0007891221010964955,0.9992108778989035,1,0.07529222362502248,0.9247077763749775
AP01081,1,0.22681616291653628,0.7731838370834637,1,0.0004110863309013668,0.9995889136690986,1,0.0003338550971302423,0.9996661449028698,1,0.0758537014481893,0.9241462985518107
AP01108,1,0.4562925072659466,0.5437074927340534,1,0.05924640682788118,0.9407535931721188,1,0.3878444934676898,0.6121555065323102,1,0.30112780252050586,0.6988721974794941
AP01135,1,0.05843756845350123,0.9415624315464988,1,0.0006846158325541918,0.9993153841674458,1,0.005912295086722863,0.9940877049132771,1,0.021678159790926094,0.978321840209074
AP01149,1,0.07999949712525811,0.9200005028747419,1,0.0006551677296092739,0.9993448322703907,1,0.002091375392102135,0.9979086246078979,1,0.027582013415656508,0.9724179865843435
AP01176,1,0.25842284837088303,0.741577151629117,0,0.9882955755345763,0.011704424465423696,0,0.9931560956614026,0.006843904338597335,0,0.7466248398556207,0.2533751601443794
AP01223,1,0.08098911130264619,0.9190108886973538,1,5.5014892380023106e-05,0.99994498510762,1,0.0012456170749072237,0.9987543829250928,1,0.027429914423311146,0.9725700855766889
AP01250,1,0.046907739606398935,0.9530922603936011,1,0.008580789604633154,0.9914192103953668,1,0.02318992720656332,0.9768100727934367,1,0.02622615213919847,0.9737738478608016
AP01251,1,0.17782643659768682,0.8221735634023132,1,0.0028735742265788566,0.9971264257734211,1,0.008959457887392386,0.9910405421126076,1,0.06321982290388602,0.9367801770961139
AP01252,1,0.042240959683423895,0.9577590403165761,1,0.0006690468725849552,0.999330953127415,1,0.0025706027352243588,0.9974293972647756,1,0.015160203097077737,0.9848397969029223
AP01253,1,0.0911935703371568,0.9088064296628432,1,0.0005515998231492292,0.9994484001768508,1,0.0007131304712486575,0.9992868695287513,1,0.030819433543851565,0.9691805664561484
AP01254,1,0.13019370454382584,0.8698062954561742,1,0.0015805432576427858,0.9984194567423572,1,0.0024701706108989363,0.9975298293891011,1,0.044748139470789185,0.9552518605292107
AP01257,1,0.027779847781495892,0.9722201522185041,1,0.0005781894183366498,0.9994218105816634,1,0.0008557096268774211,0.9991442903731226,1,0.009737915608903322,0.9902620843910968
AP01264,1,0.03320587106925865,0.9667941289307413,1,1.881594278851928e-05,0.9999811840572115,1,7.879142755273794e-05,0.9999212085724473,1,0.011101159479866637,0.9888988405201333
AP01265,1,0.031177560421304262,0.9688224395786957,1,0.0006403965862827876,0.9993596034137172,1,0.0013607485640428907,0.9986392514359571,1,0.011059568523876647,0.9889404314761233
AP01268,1,0.03345828078250079,0.9665417192174992,1,0.0016836457829173535,0.9983163542170826,1,0.0006034074032323922,0.9993965925967676,1,0.011915111322883512,0.9880848886771165
AP01277,1,0.006271898544434884,0.9937281014555651,1,0.16351064790973246,0.8364893520902675,1,0.10450132200028184,0.8954986779997182,1,0.09142795615148307,0.9085720438485169
AP01295,1,0.04786380306088689,0.9521361969391131,1,0.004828413851260427,0.9951715861487396,0,0.7502629212252361,0.24973707877476395,0,0.26765171271246113,0.732348287287539
AP01297,1,7.658298031876232e-05,0.9999234170196812,1,7.799019664667117e-05,0.9999220098033533,1,0.0015137513219410925,0.9984862486780589,1,0.0005561081663021753,0.9994438918336979
AP01303,0,0.672474372195676,0.32752562780432404,0,0.9821564577703068,0.01784354222969325,0,0.9963325679311116,0.003667432068888457,0,0.8836544659656981,0.11634553403430192
AP01308,0,0.9965980109530412,0.003401989046958734,1,0.004912296689696172,0.9950877033103038,1,0.018281779916877627,0.9817182200831224,0,0.33993069585320496,0.660069304146795
AP01309,1,0.4232638085643693,0.5767361914356307,1,0.0638621550996663,0.9361378449003337,0,0.7166423451686179,0.2833576548313821,0,0.4012561029442178,0.5987438970557822
AP01310,1,0.0008890533629138941,0.9991109466370861,1,0.0023552008614906583,0.9976447991385093,1,0.0022377998848791547,0.9977622001151208,1,0.0018273513697612358,0.9981726486302387
AP01311,1,0.0009798627382531233,0.9990201372617469,1,0.0018659232543307702,0.9981340767456692,1,0.009130942186550084,0.9908690578134499,1,0.0039922427263779925,0.996007757273622
AP01314,1,0.002327238004772414,0.9976727619952276,1,0.019174474082695014,0.980825525917305,1,0.01994100441093949,0.9800589955890605,1,0.013814238832802306,0.9861857611671977
AP01331,1,0.0353245336405863,0.9646754663594137,1,0.00032159520649122086,0.9996784047935088,1,0.00019593413300666995,0.9998040658669933,1,0.011947354326694729,0.9880526456733053
AP01332,1,0.0468030548449474,0.9531969451550526,1,0.016721866281540154,0.9832781337184598,1,0.000899342084642929,0.9991006579153571,1,0.02147475440371016,0.9785252455962898
AP01333,1,0.02720534866353297,0.972794651336467,1,0.10897471107718959,0.8910252889228104,1,0.0034902646944223736,0.9965097353055776,1,0.046556774811714975,0.953443225188285
AP01340,0,0.9842652097287473,0.015734790271252644,0,0.9996543134417916,0.0003456865582084721,0,0.9994086267763799,0.0005913732236201211,0,0.9944427166489729,0.0055572833510270795
AP01341,0,0.9897242906453807,0.010275709354619267,0,0.991507608844535,0.008492391155464915,0,0.9984694335898547,0.0015305664101452415,0,0.9932337776932568,0.006766222306743141
AP01345,1,0.004378568376802949,0.995621431623197,1,0.00027198717634857594,0.9997280128236514,1,0.0013792388597629879,0.998620761140237,1,0.0020099314709715044,0.9979900685290285
AP01346,1,0.026064577984180715,0.9739354220158193,1,0.0007845965297978985,0.9992154034702021,1,0.00027044152257160725,0.9997295584774284,1,0.009039872012183406,0.9909601279878165
AP01349,1,0.0038586683925858623,0.9961413316074141,1,0.0005742949518767748,0.9994257050481232,1,0.0027860355809666837,0.9972139644190333,1,0.002406332975143107,0.9975936670248569
AP01385,1,0.10877565551335211,0.8912243444866479,1,0.047104884432959127,0.9528951155670409,1,0.06166792520801756,0.9383320747919824,1,0.07251615505144293,0.9274838449485571
AP01412,1,0.0008671430340162489,0.9991328569659838,1,8.370071034058402e-05,0.9999162992896594,1,0.0002487777262165647,0.9997512222737834,1,0.0003998738235244659,0.9996001261764755
AP01413,1,0.0020189820913101286,0.9979810179086899,1,0.0001589766826810557,0.9998410233173189,1,0.00024266768562875018,0.9997573323143712,1,0.0008068754865399782,0.99919312451346
AP01414,1,0.002914973935414289,0.9970850260645857,1,0.0006302021939466051,0.9993697978060534,1,0.00044875049341974727,0.9995512495065803,1,0.0013313088742602137,0.9986686911257397
AP01415,1,0.005187988145432421,0.9948120118545676,1,0.0006320844062785991,0.9993679155937214,1,0.0040287594390953085,0.9959712405609047,1,0.0032829439969354426,0.9967170560030646
AP01416,1,0.003029477149094295,0.9969705228509057,1,0.00018101059988839818,0.9998189894001116,1,0.0006317838359283234,0.9993682161640717,1,0.001280757194970339,0.9987192428050297
AP01417,1,0.004972638365491666,0.9950273616345083,1,0.0008704928658669342,0.9991295071341331,1,0.10430247274550852,0.8956975272544915,1,0.03671520132562237,0.9632847986743776
AP01436,1,0.0038150346403635904,0.9961849653596364,1,0.00014624447946087749,0.9998537555205391,1,0.0008516977034439543,0.999148302296556,1,0.0016043256077561407,0.9983956743922439
AP01437,1,0.008120059169596794,0.9918799408304032,1,0.0035131821501036553,0.9964868178498963,1,0.3626728921265572,0.6373271078734428,1,0.12476871114875254,0.8752312888512476
AP01438,1,0.009607323680529967,0.99039267631947,1,0.0004029561789065106,0.9995970438210935,1,0.002863538657043918,0.9971364613429561,1,0.0042912728388267984,0.9957087271611732
AP01439,1,0.009930875048950516,0.9900691249510495,1,0.0001635216133538675,0.9998364783866461,1,0.029752594789464015,0.970247405210536,1,0.0132823304839228,0.9867176695160772
AP01440,1,0.010188316424806665,0.9898116835751933,1,0.00019622566340227188,0.9998037743365977,1,0.039500494962583343,0.9604995050374167,1,0.016628345683597428,0.9833716543164025
AP01449,1,0.1762124356459549,0.8237875643540451,1,0.001247982640573686,0.9987520173594263,1,0.0007884601052798867,0.9992115398947201,1,0.05941629279726949,0.9405837072027307
AP01450,1,0.06970828010279795,0.930291719897202,1,0.003999938980358442,0.9960000610196416,1,0.0006112614426230234,0.999388738557377,1,0.024773160175259806,0.9752268398247402
AP01451,1,0.08710798436816869,0.9128920156318313,1,0.001232508875374183,0.9987674911246258,1,0.006015782938331937,0.9939842170616681,1,0.03145209206062494,0.968547907939375
AP01452,1,0.10599376065149979,0.8940062393485002,1,0.003137854586803268,0.9968621454131967,1,0.012611740419692485,0.9873882595803075,1,0.040581118552665184,0.9594188814473349
AP01509,0,0.9750710440202223,0.02492895597977775,1,0.00048787535287997397,0.99951212464712,1,0.0010043381018703945,0.9989956618981296,0,0.3255210858249909,0.6744789141750092
AP01510,0,0.6896145728148048,0.31038542718519524,1,0.0036962720293066686,0.9963037279706933,1,0.0013856058516258374,0.9986143941483742,0,0.23156548356524576,0.7684345164347542
AP01512,1,0.054067968128230115,0.9459320318717699,1,0.0010994216018356262,0.9989005783981644,1,0.0004589104415524403,0.9995410895584476,1,0.01854210005720606,0.9814578999427939
AP01521,0,0.9324408335183912,0.06755916648160872,1,0.13424098320726485,0.8657590167927351,1,0.012483743108021361,0.9875162568919786,0,0.35972185327789247,0.6402781467221076
AP01544,1,0.010787659335409705,0.9892123406645903,1,0.0005383036988277912,0.9994616963011722,1,8.922472284289551e-05,0.9999107752771571,1,0.003805062585693464,0.9961949374143065
AP01545,1,0.05643268769891163,0.9435673123010884,1,0.0010624836751673694,0.9989375163248326,1,0.001731121634192423,0.9982688783658076,1,0.019742097669423808,0.9802579023305761
AP01596,0,0.5902155354720269,0.4097844645279731,0,0.9477070438965447,0.0522929561034553,0,0.9660738800616296,0.033926119938370386,0,0.8346654864767338,0.16533451352326625
AP01640,0,0.7257399445329598,0.27426005546704024,0,0.9420397470248089,0.05796025297519117,0,0.9789688268822074,0.021031173117792602,0,0.8822495061466586,0.11775049385334134
AP01641,0,0.9593304238486455,0.04066957615135442,0,0.9859162537746083,0.014083746225391623,0,0.9947824108034543,0.005217589196545721,0,0.9800096961422361,0.01999030385776392
AP01650,1,0.008028716483100218,0.9919712835168998,1,0.008996811677452254,0.9910031883225477,1,0.004174375988168055,0.995825624011832,1,0.007066634716240176,0.9929333652837599
AP01717,1,0.03681270693985372,0.9631872930601463,1,0.045154969851402105,0.9548450301485979,1,0.45501784061813255,0.5449821593818674,1,0.17899517246979613,0.8210048275302039
AP01726,1,0.023343178973008083,0.9766568210269919,1,4.985414909197683e-05,0.999950145850908,1,0.0003304647088938628,0.9996695352911061,1,0.007907832610331308,0.9920921673896687
AP01731,1,0.12200320155090294,0.8779967984490971,1,0.0013657375370539349,0.9986342624629461,1,0.03401902590192463,0.9659809740980754,1,0.05246265499662717,0.9475373450033727
AP01736,1,0.07438513041151062,0.9256148695884894,1,0.1268505061862859,0.8731494938137141,0,0.5912975063641959,0.4087024936358042,0,0.2641777143206641,0.7358222856793359
AP01737,1,0.00321991847441494,0.9967800815255851,1,0.00014200160223010183,0.9998579983977699,1,7.660466149217449e-05,0.9999233953385078,1,0.0011461749127124055,0.9988538250872875
AP01739,1,0.048007323179608874,0.9519926768203911,1,0.007453230866925287,0.9925467691330747,1,0.41215949708321975,0.5878405029167802,1,0.15587335037658465,0.8441266496234153
AP01740,1,0.023082793315244654,0.9769172066847553,1,0.000211398681714714,0.9997886013182853,1,0.00011739264227117463,0.9998826073577288,1,0.007803861546410181,0.9921961384535898
AP01743,1,0.07156533239581264,0.9284346676041874,1,0.09079876015568333,0.9092012398443167,1,0.29950945545775987,0.7004905445422401,1,0.15395784933641862,0.8460421506635813
AP01744,1,0.004635324837742538,0.9953646751622575,1,0.005633196408089236,0.9943668035919108,1,0.00020625388167894165,0.9997937461183211,1,0.0034915917091702386,0.9965084082908297
AP01753,1,0.1230590567825589,0.8769409432174411,1,0.003657511859659568,0.9963424881403404,1,0.01009163669927804,0.989908363300722,1,0.04560273511383217,0.9543972648861678
AP01774,1,0.05989867238760205,0.940101327612398,1,0.000638501066177799,0.9993614989338222,1,0.0006987217390614919,0.9993012782609385,1,0.020411965064280446,0.9795880349357194
AP01776,1,0.22099844413939274,0.7790015558606073,1,0.006642327719703411,0.9933576722802966,1,0.004939859239537769,0.9950601407604622,1,0.07752687703287797,0.9224731229671219
AP01777,1,0.0667173007976114,0.9332826992023886,1,9.64245682332221e-05,0.9999035754317668,1,0.00017791671942568588,0.9998220832805743,1,0.02233054736175677,0.9776694526382433
AP01804,1,0.03584435472304959,0.9641556452769504,1,0.00998959397377297,0.990010406026227,1,0.0020990392528394963,0.9979009607471605,1,0.015977662649887352,0.9840223373501127
AP01806,1,0.058316007887039834,0.9416839921129602,1,0.0005110130751277975,0.9994889869248722,1,0.0007737232245328407,0.9992262767754672,1,0.01986691472890016,0.9801330852710999
AP01807,1,0.057674215488845215,0.9423257845111548,1,0.0005672143300013976,0.9994327856699986,1,0.0008835622544303146,0.9991164377455697,1,0.019708330691092308,0.9802916693089078
AP01808,1,0.013419603154120718,0.9865803968458793,1,0.01619528628609357,0.9838047137139064,1,0.012952460140249533,0.9870475398597505,1,0.014189116526821274,0.9858108834731786
AP01809,1,0.4142251403626114,0.5857748596373886,1,0.06328093341342,0.93671906658658,1,0.015064911698963512,0.9849350883010365,1,0.16419032849166496,0.835809671508335
AP01810,1,0.32314586665757095,0.676854133342429,1,0.0004751374099383199,0.9995248625900617,1,0.0002808980873105771,0.9997191019126894,1,0.10796730071827328,0.8920326992817268
AP01811,1,0.19215345434358944,0.8078465456564106,1,0.030436080061788773,0.9695639199382112,1,0.013913268142725643,0.9860867318572744,1,0.07883426751603462,0.9211657324839653
AP01812,1,0.11235605547329097,0.887643944526709,1,0.0012864386406664652,0.9987135613593335,1,0.0005012501452418272,0.9994987498547582,1,0.038047914753066424,0.9619520852469337
AP01813,1,0.1357674055082838,0.8642325944917162,1,0.00020563264984496676,0.999794367350155,1,0.0009311142017039975,0.999068885798296,1,0.045634717453277594,0.9543652825467225
AP01915,1,0.09293494652144452,0.9070650534785555,1,0.002203609634038761,0.9977963903659612,1,0.0014959831905543286,0.9985040168094457,1,0.03221151311534587,0.967788486884654
AP01917,1,0.01039534406806042,0.9896046559319396,1,0.07744987623516941,0.9225501237648306,0,0.8145588090783503,0.18544119092164968,0,0.30080134312719337,0.6991986568728067
AP01922,1,0.1824622075142942,0.8175377924857058,1,0.0015068945689830082,0.998493105431017,1,0.00040755401828129756,0.9995924459817187,1,0.06145888536718617,0.9385411146328139
AP01923,1,0.029675417705882223,0.9703245822941178,1,0.00015074561195127512,0.9998492543880487,1,0.00038919509956303333,0.999610804900437,1,0.010071786139132177,0.9899282138608679
AP01944,1,0.004378431811573824,0.9956215681884262,1,0.26295319916867066,0.7370468008313293,1,0.16477056950795876,0.8352294304920412,1,0.1440340668294011,0.8559659331705989
AP01948,1,0.029560929599932284,0.9704390704000677,1,0.0206210177494488,0.9793789822505512,1,0.014250196879065258,0.9857498031209347,1,0.021477381409482115,0.9785226185905179
AP01951,1,0.022887169880209002,0.977112830119791,1,0.00557055351098501,0.994429446489015,1,0.0010921776852427234,0.9989078223147573,1,0.009849967025478912,0.9901500329745211
AP01952,1,0.20595196355729284,0.7940480364427072,1,0.010833737572700786,0.9891662624272992,1,0.03931068288933137,0.9606893171106686,1,0.085365461339775,0.9146345386602249
AP01953,1,0.01841412453223734,0.9815858754677627,1,0.001105061123849449,0.9988949388761506,1,0.2879764354308314,0.7120235645691686,1,0.10249854036230606,0.8975014596376939
AP01954,1,0.012780823081094184,0.9872191769189058,1,0.0004180102354304216,0.9995819897645696,1,0.0030348176139055605,0.9969651823860944,1,0.0054112169768100555,0.99458878302319
AP01980,1,0.005666812442712388,0.9943331875572876,1,6.596939658398693e-05,0.999934030603416,1,0.00026611897295558684,0.9997338810270444,1,0.001999633604083987,0.9980003663959159
AP01986,1,0.16051491292914155,0.8394850870708584,1,0.004190386903092591,0.9958096130969074,1,0.005508644538899876,0.9944913554611001,1,0.05673798145704467,0.9432620185429553
AP01988,1,0.041628880697623494,0.9583711193023765,1,0.002807955725308342,0.9971920442746917,1,0.006758603805025909,0.9932413961949741,1,0.01706514674265258,0.9829348532573473
AP01989,1,0.05910370250763097,0.940896297492369,1,0.024477088547048775,0.9755229114529512,1,0.01874825608897812,0.9812517439110219,1,0.03410968238121929,0.9658903176187806
AP01990,1,0.30077260617364476,0.6992273938263552,1,0.004238234316366052,0.995761765683634,1,0.005065741847908867,0.9949342581520911,1,0.10335886077930656,0.8966411392206934
AP01992,1,0.13115306331121357,0.8688469366887864,1,0.053145556945642936,0.9468544430543571,1,0.04287845860527728,0.9571215413947227,1,0.07572569295404459,0.9242743070459554
AP01999,1,0.055256439457387785,0.9447435605426122,1,0.002222169032079724,0.9977778309679203,1,0.0010093341095461783,0.9989906658904538,1,0.019495980866337897,0.9805040191336621
AP02000,1,0.1294881849237326,0.8705118150762674,1,0.002270926758624281,0.9977290732413757,1,0.0029215031538109004,0.9970784968461891,1,0.04489353827872259,0.9551064617212774
AP02020,1,0.00423151645671116,0.9957684835432888,1,0.0004184050573519116,0.9995815949426481,1,0.00011743902445859877,0.9998825609755414,1,0.0015891201795072234,0.9984108798204928
AP02041,1,0.0003724246992481417,0.9996275753007519,1,0.0014282907134641754,0.9985717092865358,1,0.003316535125606035,0.996683464874394,1,0.0017057501794394507,0.9982942498205606
AP02057,1,0.03887481539650295,0.961125184603497,1,0.004765719909477828,0.9952342800905222,1,0.0016332758067879594,0.998366724193212,1,0.015091270370922913,0.984908729629077
AP02058,1,0.003781875083369246,0.9962181249166308,1,0.020963025778562017,0.979036974221438,1,0.02478352963339614,0.9752164703666039,1,0.0165094768317758,0.9834905231682242
AP02060,1,0.00712255933565209,0.9928774406643479,1,6.464484009149896e-05,0.9999353551599085,1,0.00044625289435074045,0.9995537471056493,1,0.002544485690031443,0.9974555143099687
AP02061,1,0.027856692118881754,0.9721433078811182,1,0.0028315693723007795,0.9971684306276992,1,0.04158698839647679,0.9584130116035232,1,0.024091749962553106,0.9759082500374469
AP02062,1,0.009271376600918368,0.9907286233990816,1,0.0007677836504333957,0.9992322163495666,1,0.00025699413236968116,0.9997430058676303,1,0.0034320514612404818,0.9965679485387596
AP02063,1,0.01115557317221294,0.9888444268277871,1,0.00010081949051365946,0.9998991805094863,1,0.0009991720648491187,0.9990008279351509,1,0.0040851882425252395,0.9959148117574746
AP02064,1,0.07170509288060034,0.9282949071193997,1,0.1203215725218143,0.8796784274781857,1,0.43286130977931725,0.5671386902206828,1,0.20829599172724397,0.791704008272756
AP02098,0,0.5604462117172464,0.43955378828275354,0,0.9865883460081372,0.013411653991862872,0,0.9994147685663447,0.0005852314336553466,0,0.8488164420972427,0.15118355790275725
AP02099,1,0.03688501541716871,0.9631149845828313,0,0.7832003955055077,0.21679960449449232,0,0.8835349789636869,0.11646502103631307,0,0.5678734632954544,0.4321265367045455
AP02104,1,0.09821276640292731,0.9017872335970727,1,0.000163208409911908,0.9998367915900881,1,0.0029872843381376635,0.9970127156618623,1,0.03378775305032563,0.9662122469496744
AP02105,1,0.2925002106536232,0.7074997893463768,1,0.02284306657122015,0.9771569334287799,1,0.009239908473141711,0.9907600915268583,1,0.10819439523266168,0.8918056047673383
AP02114,1,0.0020059737317241755,0.9979940262682758,1,0.00010460572434167759,0.9998953942756583,1,7.476331683731186e-05,0.9999252366831627,1,0.0007284475909677216,0.9992715524090322
AP02115,1,0.0017835338857722371,0.9982164661142278,1,8.086008526930755e-05,0.9999191399147307,1,5.010409449346387e-05,0.9999498959055065,1,0.0006381660218450028,0.999361833978155
AP02118,1,0.012074061599388952,0.987925938400611,1,0.0128283539199876,0.9871716460800124,1,0.03604377279243787,0.9639562272075621,1,0.02031539610393814,0.9796846038960618
AP02134,1,0.3641313821502742,0.6358686178497258,1,0.062403833456614155,0.9375961665433858,1,0.3524235812253741,0.6475764187746259,1,0.2596529322774208,0.7403470677225793
AP02135,1,0.0333223155962149,0.9666776844037851,1,1.2416431260375838e-05,0.9999875835687396,1,8.901964251961658e-05,0.9999109803574804,1,0.011141250556664964,0.9888587494433351
AP02172,1,0.03762080190829553,0.9623791980917045,1,0.00030736933335306915,0.9996926306666469,1,0.0003201883554805329,0.9996798116445195,1,0.012749453199043045,0.9872505468009569
AP02173,1,0.41121672505161777,0.5887832749483822,1,0.0029152414873397925,0.9970847585126602,1,0.008639100590815518,0.9913608994091845,1,0.1409236890432577,0.8590763109567424
AP02177,0,0.7154211494100094,0.28457885058999055,0,0.8746400368291065,0.12535996317089343,1,0.4891294050598415,0.5108705949401585,0,0.6930635304329859,0.3069364695670142
AP02179,1,0.17814775109625125,0.8218522489037487,1,0.0021862325025486795,0.9978137674974513,1,0.04575605689045603,0.954243943109544,1,0.07536334682975199,0.9246366531702481
AP02197,0,0.9907680825724461,0.009231917427553867,0,0.9897659512122879,0.010234048787712018,0,0.9974026217392884,0.00259737826071155,0,0.9926455518413407,0.007354448158659144
AP02217,1,0.05655033831790879,0.9434496616820912,1,0.01988647119885245,0.9801135288011475,1,0.011484364894056909,0.9885156351059431,1,0.029307058136939384,0.9706929418630605
AP02228,0,0.6836605055941389,0.316339494405861,1,0.04481073262814439,0.9551892673718556,1,0.005738543443777555,0.9942614565562224,0,0.24473659388868696,0.7552634061113132
AP02229,1,6.784970181272776e-05,0.9999321502981873,1,0.04980949393297274,0.9501905060670273,1,0.09178547209461163,0.9082145279053884,1,0.0472209385764657,0.9527790614235343
AP02243,0,0.7144244850174102,0.2855755149825899,1,0.04220589003676345,0.9577941099632366,1,0.41243986919197884,0.5875601308080212,0,0.38969008141538414,0.6103099185846158
AP02272,1,0.01663955528573302,0.983360444714267,1,0.00242450280820794,0.9975754971917921,1,0.001195229299404743,0.9988047707005953,1,0.006753095797781901,0.9932469042022181
AP02274,1,0.05796152437251545,0.9420384756274846,1,0.00018057633908674653,0.9998194236609133,1,0.0003870456307537573,0.9996129543692462,1,0.019509715447451986,0.9804902845525479
AP02275,1,0.1550141893610959,0.8449858106389041,1,0.00022457671377074107,0.9997754232862293,1,0.00026568907491664184,0.9997343109250834,1,0.051834818383261094,0.9481651816167389
AP02278,1,0.014094511992598258,0.9859054880074017,1,0.01775989741057349,0.9822401025894265,0,0.5643872525052845,0.43561274749471546,0,0.1987472206361521,0.8012527793638479
AP02279,1,0.010625427224590478,0.9893745727754095,1,0.00014357164697831326,0.9998564283530217,1,0.00022152007825504416,0.999778479921745,1,0.003663506316607945,0.9963364936833922
AP02280,1,0.02387570115483717,0.9761242988451628,1,0.0007756180640627885,0.9992243819359372,1,0.36759629652497994,0.6324037034750201,1,0.13074920524795997,0.8692507947520399
AP02281,1,0.014519719432155576,0.9854802805678444,1,0.013303856334716757,0.9866961436652832,1,0.2832389850031557,0.7167610149968443,1,0.103687520256676,0.8963124797433241
AP02282,1,0.0009262136942241872,0.9990737863057758,1,9.732901319636778e-05,0.9999026709868036,1,0.0005158842534190855,0.9994841157465809,1,0.0005131423202798802,0.9994868576797201
AP02283,1,0.38326541015682214,0.6167345898431779,1,0.0293840933512316,0.9706159066487684,1,0.04124387078231195,0.958756129217688,1,0.1512977914301219,0.8487022085698781
AP02284,1,0.12086106313648215,0.8791389368635179,1,0.006984322847731428,0.9930156771522686,1,0.024966733861658263,0.9750332661383417,1,0.05093737328195728,0.9490626267180428
AP02285,0,0.9389665340446911,0.06103346595530889,0,0.9776383010321403,0.02236169896785963,0,0.9982801311185323,0.0017198688814676734,0,0.9716283220651212,0.02837167793487873
AP02286,1,0.2549380607829501,0.7450619392170499,1,0.014513111200412876,0.9854868887995871,1,0.004735816920772629,0.9952641830792274,1,0.0913956629680452,0.9086043370319548
AP02288,1,0.05493643514841551,0.9450635648515845,1,0.0037543724546885704,0.9962456275453114,1,0.1135714872149648,0.8864285127850352,1,0.05742076493935629,0.9425792350606437
AP02289,1,0.027089327141818442,0.9729106728581816,1,0.0008413160165275935,0.9991586839834724,1,0.00037311886936908234,0.9996268811306309,1,0.009434587342571707,0.9905654126574283
AP02290,1,0.0343908564786386,0.9656091435213614,1,0.0038726940269943055,0.9961273059730057,1,0.08774143605929452,0.9122585639407055,1,0.04200166218830914,0.9579983378116909
AP02291,1,0.02307782968296468,0.9769221703170353,1,0.0011810885536982507,0.9988189114463017,1,0.052850735087959455,0.9471492649120405,1,0.025703217774874127,0.974296782225126
AP02292,1,0.10122721068379736,0.8987727893162026,1,0.0019921943249583407,0.9980078056750417,1,0.06367781195252797,0.936322188047472,1,0.05563240565376123,0.9443675943462387
AP02293,1,0.250886281046391,0.749113718953609,1,0.0006701458956381856,0.9993298541043618,1,0.0010111075184631169,0.9989888924815369,1,0.08418917815349743,0.9158108218465025
AP02294,1,0.032530191090606175,0.9674698089093938,1,0.0016149605668912548,0.9983850394331087,1,0.008373506525917618,0.9916264934740824,1,0.014172886061138349,0.9858271139388618
AP02295,1,0.10589490579001248,0.8941050942099875,1,0.012226001858890112,0.9877739981411099,1,0.06329680286260142,0.9367031971373986,1,0.06047257017050134,0.9395274298294987
AP02304,1,0.03211062573958434,0.9678893742604157,1,0.0011590268904514422,0.9988409731095486,1,0.0012699288460371605,0.9987300711539628,1,0.011513193825357648,0.9884868061746422
AP02309,1,0.013007452061538083,0.9869925479384619,1,7.166859982166152e-05,0.9999283314001783,1,3.930242480787438e-05,0.9999606975751921,1,0.0043728076953892065,0.9956271923046107
AP02318,1,0.12289775430047489,0.8771022456995251,1,0.004498765188924225,0.9955012348110758,1,0.001018241846584833,0.9989817581534152,1,0.042804920445327986,0.9571950795546721
AP02319,1,0.03950248069456974,0.9604975193054303,1,7.104533148671877e-05,0.9999289546685133,1,0.0003090465926333108,0.9996909534073667,1,0.013294190872896591,0.9867058091271034
AP02355,0,0.5015888623050662,0.4984111376949338,1,0.0014136769982274755,0.9985863230017725,1,0.004199590599150094,0.9958004094008499,0,0.16906737663414792,0.830932623365852
AP02356,1,0.10108247063068776,0.8989175293693122,1,0.0004797658763686652,0.9995202341236313,1,0.001744884789736556,0.9982551152102634,1,0.03443570709893099,0.9655642929010689
AP02357,1,0.40144840795883263,0.5985515920411674,1,0.0030637843308458645,0.9969362156691541,1,0.27429839471390505,0.725701605286095,1,0.2262701956678612,0.7737298043321389
AP02358,1,0.093874559946032,0.906125440053968,1,0.3341123347225968,0.6658876652774032,1,0.30797314720463087,0.6920268527953691,1,0.24532001395775324,0.7546799860422468
AP02459,1,0.06292555265557132,0.9370744473444287,1,0.002302533575067822,0.9976974664249322,1,0.0011037066602789247,0.9988962933397211,1,0.022110597630306022,0.9778894023696939
AP02460,1,0.03860459937215832,0.9613954006278417,1,0.0021110288013449496,0.997888971198655,1,0.0015748197203679926,0.998425180279632,1,0.014096815964623755,0.9859031840353762
AP02461,1,0.0014322580916441563,0.9985677419083558,1,5.550127656195336e-05,0.999944498723438,1,0.0010717587005019125,0.9989282412994981,1,0.0008531726895693407,0.9991468273104306
AP02462,1,0.0013685658015459845,0.998631434198454,1,8.745389531783498e-05,0.9999125461046822,1,0.002103480589267459,0.9978965194107325,1,0.0011865000953770928,0.9988134999046229
AP02463,1,0.0020496988711850017,0.997950301128815,1,0.00021403066983649577,0.9997859693301635,1,0.0014443166653564932,0.9985556833346435,1,0.0012360154021259968,0.9987639845978741
AP02464,1,0.002147780857556625,0.9978522191424434,1,7.994284566670284e-05,0.9999200571543333,1,0.00270557050886433,0.9972944294911357,1,0.0016444314040292192,0.9983555685959707
AP02465,1,0.037856312172994566,0.9621436878270054,1,0.009416347608536824,0.9905836523914632,1,0.37382748904339214,0.6261725109566079,1,0.14036671627497452,0.8596332837250255
AP02467,1,0.012961025818656657,0.9870389741813433,1,5.0133479683078797e-05,0.9999498665203169,1,9.612784608536984e-05,0.9999038721539146,1,0.004369095714808369,0.9956309042851915
AP02468,1,0.01015603497054618,0.9898439650294538,1,0.0001439310757932466,0.9998560689242068,1,0.0015154895627492726,0.9984845104372507,1,0.0039384852030295665,0.9960615147969705
AP02469,1,0.011993976109054394,0.9880060238909456,1,0.0007694731823830736,0.9992305268176169,1,0.0023172498911567807,0.9976827501088432,1,0.005026899727531416,0.9949731002724685
AP02472,1,0.0018850320889269856,0.998114967911073,1,0.010538765004828976,0.989461234995171,1,0.011874210499446258,0.9881257895005537,1,0.00809933586440074,0.9919006641355992
AP02474,1,0.005762521100540874,0.9942374788994591,1,0.10418322638054933,0.8958167736194507,1,0.02583161001834333,0.9741683899816567,1,0.045259119166477846,0.9547408808335222
AP02531,1,0.05730609359128769,0.9426939064087123,1,0.00043204227287718666,0.9995679577271228,1,0.00022330530811909277,0.9997766946918809,1,0.019320480390761324,0.9806795196092386
AP02560,1,0.01993645636328034,0.9800635436367197,1,0.00016291282965374965,0.9998370871703463,1,0.00019754814189720804,0.9998024518581028,1,0.006765639111610433,0.9932343608883896
AP02561,0,0.81518636342168,0.1848136365783199,0,0.9184052451563378,0.08159475484366223,0,0.7507433371489637,0.24925666285103634,0,0.8281116485756606,0.17188835142433948
AP02562,1,0.00913024509170135,0.9908697549082986,1,0.10953455957546943,0.8904654404245306,1,0.46235111840430787,0.5376488815956921,1,0.19367197435715955,0.8063280256428405
AP02563,1,0.014724743831041831,0.9852752561689582,1,0.04878751916294122,0.9512124808370588,1,0.22879822565920194,0.7712017743407981,1,0.09743682955106166,0.9025631704489383
AP02603,1,0.21104737030999465,0.7889526296900053,1,0.0014703985795523344,0.9985296014204477,1,0.0029215115961102045,0.9970784884038898,1,0.07181309349521907,0.9281869065047809
AP02689,1,0.0036828678554183814,0.9963171321445816,1,0.018995076673485767,0.9810049233265142,1,0.0016640799157690012,0.998335920084231,1,0.008114008148224383,0.9918859918517756
AP02690,1,0.02074535992843296,0.979254640071567,1,0.03628467673639857,0.9637153232636014,1,0.010460827226297154,0.9895391727737028,1,0.022496954630376226,0.9775030453696237
AP02692,0,0.5956960761788915,0.40430392382110847,1,0.021222463201337027,0.978777536798663,1,0.0020285957101918717,0.9979714042898081,0,0.20631571169680682,0.7936842883031932
AP02710,1,0.005415180116492224,0.9945848198835078,1,0.00012461183738587955,0.9998753881626141,1,0.00020271509750902084,0.999797284902491,1,0.0019141690171290415,0.998085830982871
AP02802,0,0.6083070535538422,0.3916929464461579,1,0.43493480062390233,0.5650651993760977,1,0.085510258983438,0.914489741016562,0,0.3762507043870609,0.6237492956129392
AP02880,1,0.1001564932353034,0.8998435067646966,1,0.0002840360376856754,0.9997159639623143,1,0.0007883245999295019,0.9992116754000705,1,0.03374295129097286,0.9662570487090272
AP02881,1,0.06512582013234425,0.9348741798676558,1,0.002106151687195079,0.9978938483128049,1,0.0014855412000400747,0.9985144587999599,1,0.022905837673193135,0.9770941623268069
AP03029,0,0.7538810032081985,0.2461189967918015,0,0.9952268266436382,0.004773173356361881,0,0.9977928921127758,0.0022071078872242587,0,0.9156335739882041,0.08436642601179589
AP03041,1,0.43072455330931425,0.5692754466906857,1,0.0004743669582967236,0.9995256330417033,1,0.006960120490887678,0.9930398795091123,1,0.1460530135861662,0.8539469864138338
